unit_id,source_file,sheet_name,Date,MFM Reading (Suction) (in Kg),Total Gas Inlet Per Day (in Kg),MFM Reading (Discharge) (in Kg),Total Gas Outlet Per Day (in Kg),MFM Reading (Vent - C) (in Kg),Total Gas Outlet Per Day (in Kg)_1,Compressor Gas loss/gain (in Kg),Compressor Gas loss/gain (<47.44 SCM),Compressor Gas loss/gain (<1.0%),Station Sales Reading LCV Reading (in Kg),Station Sales Reading LCV Sale (in Kg),Station Sales Reading Dispenser 1A (in Kg),Station Sales Reading Sale (in Kg),Station Sales Reading Dispenser 1B (in Kg),Station Sales Reading Sale (in Kg)_1,Station Sales Reading Dispenser 2A (in Kg),Station Sales Reading Sale (in Kg)_2,Station Sales Reading Dispenser 2B (in Kg),Station Sales Reading Sale (in Kg)_3,Station Sales Reading Dispenser 3A (in Kg),Station Sales Reading Sale (in Kg)_4,Station Sales Reading Dispenser 3B (in Kg),Station Sales Reading Sale (in Kg)_5,Station Sales Reading Total Sale (in Kg),Station Sales Reading Station Gas Loss (in Kg),Station Sales Reading Station Gas Loss (%),Total HMR Station Gas Loss (in HRS),Day HMR Station Gas Loss (in HRS),Cumulative HMR Station Gas Loss (in HRS),Pressure Reading Suction 14-20 Bar,Pressure Reading 1st Stage <46 Bar,Pressure Reading 2nd Stage <110Bar,Pressure Reading Dishchage <250 Bar,Pressure Reading Oil > 2.5,Flow Rate Suction 200-650 Kg/Hrs,Flow Rate Disch. 200-650 Kg/Hrs,Temperature Suction <60(ºC),Temperature 1st Stage <150(ºC),Temperature 2nd Stage <150(ºC),Temperature Dishchage <150(ºC),Temperature After Cooler <60(ºC),Temperature Oil Temp <85(ºC),Electrical Reading Voltage (380-450 Volt) RY,Electrical Reading Voltage (380-450 Volt) YB,Electrical Reading Voltage (380-450 Volt) BR,Electrical Reading Current (<146) R,Electrical Reading Current (<146) Y,Electrical Reading Current (<146) B,Electrical Reading Power Factor <1,Electrical Reading KW <90,Electrical Reading KWH <90,Electrical Reading KWH Diff <90,Electrical Reading KW/KG <90,Oil Topped and Drain Reading Oil Topped up (Ltr.) Cylinder,Oil Topped and Drain Reading Oil Topped up (Ltr.) Crakcase,Oil Topped and Drain Reading Oil Topped up (Ltr.) Issued,Oil Topped and Drain Reading Oil Topped up (Ltr.) Received,Oil Topped and Drain Reading Balance (Ltr.) Received,Oil Topped and Drain Reading Oil Drain (Ltr.) Issued,Oil Topped and Drain Reading Oil Drain (Ltr.) Received,Oil Topped and Drain Reading Oil Drain (Ltr.) Crakcase,Oil Topped and Drain Reading Oil Drain (Ltr.) BDV,Oil Topped and Drain Reading Total Oil Drain (Ltr.) BDV,Remarks Total Oil Drain (Ltr.) BDV
PNB950657,PNB950657_DPR_January-2026.xlsx,DPR Report,2025-12-30,2022432.0,,2022909.38,,717.2,,0,0,,0.0,,607882.5,,692763.0,,500973.0,,220648.31,,0.0,,0.0,,0,0,,4358:24:10,0 days 00:00:00,0,18.2,32.6,85.0,219.0,4.2,517.8,508.8,17.9,59.1,102.0,100.9,22.1,47.5,427.5,427.1,426.5,116.3,115.4,115.5,0.9,75.4,306558.63,,,,,,,0,,,,,,
PNB950657,PNB950657_DPR_January-2026.xlsx,DPR Report,2025-12-31,2023797.0,0.0,2024277.0,0.0,717.67,0.0,0,0,,0.0,0.0,608307.88,0.0,693303.69,0.0,501341.47,0.0,220739.17,0.0,0.0,0.0,0.0,0.0,0,0,,4361:15:09,0 days 02:50:59,0,19.2,19.2,19.0,180.3,0.1,0.0,0.0,23.2,21.1,26.3,26.5,21.9,29.7,423.9,425.0,425.4,0.0,0.0,0.0,0.0,0.0,306758.97,0.0,,,,,,0,,,,,,
PNB950657,PNB950657_DPR_January-2026.xlsx,DPR Report,2026-01-01,2025411.38,0.0,2025887.5,0.0,718.32,0.0,0,0,,0.0,0.0,608715.94,0.0,693983.63,0.0,501742.47,0.0,220814.91,0.0,0.0,0.0,0.0,0.0,0,0,,4364:35:12,0 days 03:20:03,0,18.2,32.3,83.4,194.5,3.9,520.5,519.9,15.6,50.6,88.8,84.3,18.3,30.2,428.0,427.4,427.7,114.4,114.2,114.0,0.9,74.9,306994.91,0.0,,,,,,0,,,,,,
PNB950657,PNB950657_DPR_January-2026.xlsx,DPR Report,2026-01-02,2027076.13,0.0,2027550.38,0.0,718.96,0.0,0,0,,0.0,0.0,609146.81,0.0,694658.25,0.0,502158.72,0.0,220867.3,0.0,0.0,0.0,0.0,0.0,0,0,,4367:58:24,0 days 03:23:12,0,19.6,19.8,19.6,236.6,0.1,0.0,0.0,13.3,32.0,59.6,77.2,13.3,36.1,425.2,428.9,426.3,0.0,0.0,0.0,0.0,916.9,307235.44,0.0,,,,,,0,,,,,,
PNB950657,PNB950657_DPR_January-2026.xlsx,DPR Report,2026-01-03,2028489.13,0.0,2028960.13,0.0,719.57,0.0,0,0,,0.0,0.0,609472.94,0.0,695269.81,0.0,502624.28,0.0,220963.73,0.0,0.0,0.0,0.0,0.0,0,0,,4370:52:10,0 days 02:53:46,0,18.3,29.0,62.3,202.4,3.8,582.2,0.0,16.9,18.0,26.5,26.2,17.6,25.9,420.9,420.1,420.5,88.5,87.3,87.0,0.8,60.8,307440.78,0.0,,,,,,0,,,,,,
PNB950657,PNB950657_DPR_January-2026.xlsx,DPR Report,2026-01-04,2030128.5,0.0,2030598.0,0.0,720.24,0.0,0,0,,0.0,0.0,609820.5,0.0,696005.06,0.0,503028.94,0.0,221075.7,0.0,0.0,0.0,0.0,0.0,0,0,,4374:16:06,0 days 03:23:56,0,19.2,19.3,19.2,220.4,0.1,0.0,0.0,20.9,16.8,26.7,25.9,19.2,30.0,425.7,427.0,427.3,0.0,0.0,0.0,0.0,0.0,307682.06,0.0,,,,,,0,,,,,,
PNB950657,PNB950657_DPR_January-2026.xlsx,DPR Report,2026-01-05,2031625.25,0.0,2032091.0,0.0,720.73,0.0,0,0,,0.0,0.0,610201.63,0.0,696612.13,0.0,503433.41,0.0,221228.45,0.0,0.0,0.0,0.0,0.0,0,0,,4377:18:06,0 days 03:02:00,0,17.9,18.0,17.8,181.7,0.1,0.0,0.0,17.5,14.5,23.0,22.5,15.9,26.4,424.0,429.5,426.1,0.0,0.0,0.0,0.0,0.0,307895.66,0.0,,,,,,0,,,,,,
PNB950657,PNB950657_DPR_January-2026.xlsx,DPR Report,2026-01-06,2032970.5,0.0,2033435.0,0.0,721.26,0.0,0,0,,0.0,0.0,610513.88,0.0,697119.13,0.0,503795.69,0.0,221344.22,0.0,0.0,0.0,0.0,0.0,0,0,,4380:02:45,0 days 02:44:39,0,19.5,19.6,19.5,218.4,0.1,0.0,0.0,15.1,20.5,50.2,61.1,6.2,34.7,422.5,424.5,425.7,0.0,0.0,0.0,0.0,0.0,308090.75,0.0,,,,,,0,,,,,,
PNB950657,PNB950657_DPR_January-2026.xlsx,DPR Report,2026-01-07,2034835.0,0.0,2035298.0,0.0,721.86,0.0,0,0,,0.0,0.0,611037.81,0.0,697891.44,0.0,504245.63,0.0,221452.2,0.0,0.0,0.0,0.0,0.0,0,0,,4383:48:36,0 days 03:45:51,0,19.6,19.7,19.6,231.3,0.1,0.0,0.0,16.0,30.9,66.2,76.6,15.9,43.7,422.5,424.5,425.6,0.0,0.0,0.0,0.0,0.0,308356.72,0.0,,,,,,0,,,,,,
PNB950657,PNB950657_DPR_January-2026.xlsx,DPR Report,2026-01-08,2036345.5,0.0,2036805.13,0.0,722.41,0.0,0,0,,0.0,0.0,611427.44,0.0,698576.63,0.0,504622.28,0.0,221572.91,0.0,0.0,0.0,0.0,0.0,0,0,,4386:51:52,0 days 03:03:16,0,18.4,18.5,18.4,181.4,0.1,0.0,0.0,16.4,13.8,20.1,20.4,15.2,23.9,0.0,0.0,0.0,0.0,0.0,0.0,0.0,0.0,308573.31,0.0,,,,,,0,,,,,,
PNB950657,PNB950657_DPR_January-2026.xlsx,DPR Report,2026-01-09,2037987.13,0.0,2038444.0,0.0,722.9,0.0,0,0,,0.0,0.0,611831.63,0.0,699194.5,0.0,505112.5,0.0,221708.31,0.0,0.0,0.0,0.0,0.0,0,0,,4390:10:25,0 days 03:18:33,0,18.3,18.5,18.3,179.9,0.1,0.0,0.0,15.5,13.3,18.1,19.2,14.6,21.3,423.0,422.4,423.9,0.0,0.0,0.0,0.0,0.0,308808.09,0.0,,,,,,0,,,,,,
PNB950657,PNB950657_DPR_January-2026.xlsx,DPR Report,2026-01-10,2039713.13,0.0,2040166.38,0.0,723.43,0.0,0,0,,0.0,0.0,612215.06,0.0,699876.5,0.0,505627.25,0.0,221788.05,0.0,0.0,0.0,0.0,0.0,0,0,,4393:37:21,0 days 03:26:56,0,19.2,19.3,19.2,215.1,0.1,0.0,0.0,15.0,13.3,36.0,39.5,13.6,30.9,422.8,425.1,425.5,0.0,0.0,0.0,0.0,0.0,309053.41,0.0,,,,,,0,,,,,,
PNB950657,PNB950657_DPR_January-2026.xlsx,DPR Report,2026-01-11,2041114.25,0.0,2041565.0,0.0,723.97,0.0,0,0,,0.0,0.0,612624.25,0.0,700451.31,0.0,506001.0,0.0,221900.5,0.0,0.0,0.0,0.0,0.0,0,0,,4396:26:50,0 days 02:49:29,0,17.8,17.9,17.8,193.9,0.1,0.0,0.0,16.6,14.0,21.3,21.1,15.2,24.7,422.7,427.2,424.2,0.0,0.0,0.0,0.0,0.0,309253.56,0.0,,,,,,0,,,,,,
PNB950657,PNB950657_DPR_January-2026.xlsx,DPR Report,2026-01-12,2042974.25,0.0,2043421.5,0.0,724.58,0.0,0,0,,0.0,0.0,613099.25,0.0,701024.94,0.0,506653.34,0.0,222039.45,0.0,0.0,0.0,0.0,0.0,0,0,,4400:14:05,0 days 03:47:15,0,19.0,19.1,19.0,194.9,0.1,0.0,0.0,18.2,15.5,22.2,22.0,16.7,25.7,426.5,428.3,429.6,0.0,0.0,0.0,0.0,0.0,309522.16,0.0,,,,,,0,,,,,,
PNB950657,PNB950657_DPR_January-2026.xlsx,DPR Report,2026-01-13,2044706.75,0.0,2045149.25,0.0,725.21,0.0,0,0,,0.0,0.0,613543.5,0.0,701731.06,0.0,507188.63,0.0,222123.45,0.0,0.0,0.0,0.0,0.0,0,0,,4403:48:28,0 days 03:34:23,0,18.2,32.4,82.5,173.4,4.1,526.4,520.9,13.9,53.0,93.6,80.2,17.3,37.5,429.5,429.0,428.9,109.2,109.0,109.0,0.9,71.1,309774.44,0.0,,,,,,0,,,,,,
PNB950657,PNB950657_DPR_January-2026.xlsx,DPR Report,2026-01-14,2045491.88,0.0,2045935.88,0.0,725.57,0.0,0,0,,0.0,0.0,613724.44,0.0,702048.0,0.0,507435.03,0.0,222158.61,0.0,0.0,0.0,0.0,0.0,0,0,,4405:25:53,0 days 01:37:25,0,17.6,17.8,17.7,177.6,0.1,0.0,0.0,14.7,12.2,17.4,18.0,13.5,20.7,425.3,426.5,424.3,0.0,0.0,0.0,0.0,0.0,309890.97,0.0,,,,,,0,,,,,,
PNB950657,PNB950657_DPR_January-2026.xlsx,DPR Report,2026-01-15,2046915.13,0.0,2047356.5,0.0,726.12,0.0,0,0,,0.0,0.0,614076.94,0.0,702509.81,0.0,507894.28,0.0,222270.39,0.0,0.0,0.0,0.0,0.0,0,0,,4408:21:56,0 days 02:56:03,0,17.7,17.8,17.7,199.3,0.1,0.0,0.0,16.9,14.4,20.7,20.8,15.6,24.3,425.0,426.7,427.8,0.0,0.0,0.0,0.0,0.0,310099.28,0.0,,,,,,0,,,,,,
PNB950657,PNB950657_DPR_January-2026.xlsx,DPR Report,2026-01-16,2048641.13,0.0,2049078.75,0.0,726.72,0.0,0,0,,0.0,0.0,614491.75,0.0,703218.25,0.0,508347.0,0.0,222421.08,0.0,0.0,0.0,0.0,0.0,0,0,,4411:55:18,0 days 03:33:22,0,18.3,18.4,18.3,206.1,0.1,0.0,0.0,19.2,16.0,27.1,25.9,17.0,30.1,423.5,427.9,427.6,0.0,0.0,0.0,0.0,0.0,310350.59,0.0,,,,,,0,,,,,,
PNB950657,PNB950657_DPR_January-2026.xlsx,DPR Report,2026-01-17,2050059.0,0.0,2050494.5,0.0,727.19,0.0,0,0,,0.0,0.0,614929.06,0.0,703663.06,0.0,508881.13,0.0,222526.61,0.0,0.0,0.0,0.0,0.0,0,0,,4414:51:49,0 days 02:56:31,0,18.9,19.0,18.8,160.7,0.1,0.0,0.0,20.1,18.4,21.7,22.8,18.9,24.3,425.7,427.4,427.4,0.0,0.0,0.0,0.0,0.0,310557.59,0.0,,,,,,0,,,,,,
PNB950657,PNB950657_DPR_January-2026.xlsx,DPR Report,2026-01-18,2051596.0,0.0,2052027.13,0.0,727.74,0.0,0,0,,0.0,0.0,615312.63,0.0,704254.75,0.0,509261.47,0.0,222649.05,0.0,0.0,0.0,0.0,0.0,0,0,,4418:04:35,0 days 03:12:46,0,19.0,19.1,18.9,200.5,0.1,0.0,0.0,20.0,17.0,23.8,23.4,18.3,27.2,422.6,427.2,424.6,0.0,0.0,0.0,0.0,0.0,310785.63,0.0,,,,,,0,,,,,,
PNB950657,PNB950657_DPR_January-2026.xlsx,DPR Report,2026-01-19,2053552.5,0.0,2053979.63,0.0,728.35,0.0,0,0,,0.0,0.0,615858.13,0.0,705074.44,0.0,509778.09,0.0,222729.45,0.0,0.0,0.0,0.0,0.0,0,0,,4422:09:57,0 days 04:05:22,0,18.8,18.9,18.8,201.6,0.1,0.0,0.0,19.3,15.9,25.8,24.0,17.0,29.9,424.3,427.8,427.4,0.0,0.0,0.0,0.0,0.0,311074.78,0.0,,,,,,0,,,,,,
PNB950657,PNB950657_DPR_January-2026.xlsx,DPR Report,2026-01-20,2055530.0,0.0,2055949.75,0.0,728.95,0.0,0,0,,0.0,0.0,616308.06,0.0,705826.81,0.0,510311.44,0.0,222923.14,0.0,0.0,0.0,0.0,0.0,0,0,,4426:14:58,0 days 04:05:01,0,18.2,32.5,83.4,185.3,3.8,517.9,513.2,16.1,57.1,99.0,88.6,19.5,45.9,429.2,429.0,428.6,109.7,110.5,110.2,0.9,71.8,311362.94,0.0,,,,,,0,,,,,,
PNB950657,PNB950657_DPR_January-2026.xlsx,DPR Report,2026-01-21,2057297.38,0.0,2057715.75,0.0,729.56,0.0,0,0,,0.0,0.0,616818.88,0.0,706467.44,0.0,510840.44,0.0,222999.64,0.0,0.0,0.0,0.0,0.0,0,0,,4429:57:02,0 days 03:42:04,0,19.5,19.6,19.5,235.5,0.1,0.0,0.0,18.3,34.3,68.1,80.2,19.3,42.5,427.4,427.3,427.5,0.0,0.0,0.0,0.0,0.0,311626.25,0.0,,,,,,0,,,,,,
PNB950657,PNB950657_DPR_January-2026.xlsx,DPR Report,2026-01-22,2058937.38,0.0,2059351.75,0.0,730.06,0.0,0,0,,0.0,0.0,617345.06,0.0,706978.81,0.0,511353.03,0.0,223147.84,0.0,0.0,0.0,0.0,0.0,0,0,,4433:23:03,0 days 03:26:01,0,19.2,19.3,19.1,188.5,0.1,0.0,0.0,21.9,19.7,25.9,24.9,20.2,29.6,427.5,426.4,426.3,0.0,0.0,0.0,0.0,0.0,311868.19,0.0,,,,,,0,,,,,,
PNB950657,PNB950657_DPR_January-2026.xlsx,DPR Report,2026-01-23,2061256.25,0.0,2061659.5,0.0,730.71,0.0,0,0,,0.0,0.0,617957.13,0.0,707853.44,0.0,512047.66,0.0,223301.91,0.0,0.0,0.0,0.0,0.0,0,0,,4438:10:22,0 days 04:47:19,0,18.4,18.5,18.4,188.0,0.1,0.0,0.0,16.7,14.5,24.3,23.9,14.6,27.3,424.5,425.5,424.0,0.0,0.0,0.0,0.0,0.0,312209.09,0.0,,,,,,0,,,,,,
PNB950657,PNB950657_DPR_January-2026.xlsx,DPR Report,2026-01-24,2063223.5,0.0,2063619.13,0.0,731.31,0.0,0,0,,0.0,0.0,618482.81,0.0,708561.19,0.0,512609.28,0.0,223398.56,0.0,0.0,0.0,0.0,0.0,0,0,,4442:12:43,0 days 04:02:21,0,17.2,17.3,17.2,203.0,0.1,0.0,0.0,14.0,11.5,19.3,19.1,12.6,23.6,425.9,424.3,425.1,0.0,0.0,0.0,0.0,0.0,312496.22,0.0,,,,,,0,,,,,,
PNB950657,PNB950657_DPR_January-2026.xlsx,DPR Report,2026-01-25,2065077.13,0.0,2065465.38,0.0,731.84,0.0,0,0,,0.0,0.0,618940.81,0.0,709214.06,0.0,513220.13,0.0,223556.39,0.0,0.0,0.0,0.0,0.0,0,0,,4446:00:03,0 days 03:47:20,0,17.4,17.5,17.4,199.2,0.1,0.0,0.0,17.3,15.1,21.4,21.6,15.9,25.0,427.6,424.3,425.1,0.0,0.0,0.0,0.0,0.0,312763.81,0.0,,,,,,0,,,,,,
PNB950657,PNB950657_DPR_January-2026.xlsx,DPR Report,2026-01-26,2066908.75,0.0,2067291.63,0.0,732.45,0.0,0,0,,0.0,0.0,619350.88,0.0,710015.88,0.0,513722.56,0.0,223677.69,0.0,0.0,0.0,0.0,0.0,0,0,,4449:47:40,0 days 03:47:37,0,19.4,19.5,19.4,209.0,0.1,0.0,0.0,20.3,18.2,41.6,43.7,18.6,38.0,425.5,424.6,424.5,0.0,0.0,0.0,0.0,0.0,313032.34,0.0,,,,,,0,,,,,,
PNB950657,PNB950657_DPR_January-2026.xlsx,DPR Report,2026-01-27,2068673.75,0.0,2069050.13,0.0,733.04,0.0,0,0,,0.0,0.0,619854.63,0.0,710656.31,0.0,514241.16,0.0,223837.25,0.0,0.0,0.0,0.0,0.0,0,0,,4453:28:19,0 days 03:40:39,0,18.7,18.9,18.8,171.6,0.1,0.0,0.0,15.0,12.9,18.0,18.6,14.2,21.9,425.7,424.3,424.3,0.0,0.0,0.0,0.0,0.0,313292.88,0.0,,,,,,0,,,,,,
PNB950657,PNB950657_DPR_January-2026.xlsx,DPR Report,2026-01-28,2070390.25,0.0,2070761.5,0.0,733.67,0.0,0,0,,,,620290.5,0.0,711174.44,0.0,514761.44,0.0,223986.69,0.0,,,,,0,0,,4457:02:17,0 days 03:33:58,0,19.5,19.6,19.5,229.3,0.1,0.0,0.0,17.7,16.2,35.1,38.0,15.7,32.0,425.2,425.6,425.5,0.0,0.0,0.0,0.0,0.0,313547.06,0.0,,,,,,0,,,,,,
PNB950657,PNB950657_DPR_January-2026.xlsx,DPR Report,2026-01-29,2072284.38,0.0,2072647.88,0.0,734.49,0.0,0,0,,,,620802.0,0.0,711918.06,0.0,515300.09,0.0,224101.64,0.0,,,,,0,0,,4461:02:37,0 days 04:00:20,0,19.6,19.7,19.6,232.3,0.1,0.0,0.0,19.2,31.3,64.0,75.4,19.8,44.3,425.8,425.0,425.5,0.0,0.0,0.0,0.0,0.0,313832.59,0.0,,,,,,0,,,,,,
PNB950657,PNB950657_DPR_January-2026.xlsx,DPR Report,2026-01-30,2073859.63,0.0,2074216.75,0.0,735.21,0.0,0,0,,,,621322.63,0.0,712470.0,0.0,515748.97,0.0,224162.59,0.0,,,,,0,0,,4464:22:08,0 days 03:19:31,0,19.6,19.7,19.5,235.9,0.1,0.0,0.0,18.6,43.3,79.8,91.2,20.0,46.4,424.8,425.6,425.5,0.0,0.0,0.0,0.0,0.0,314069.16,0.0,,,,,,0,,,,,,
PNB950657,PNB950657_DPR_February-2026.xlsx,DPR Report,2026-01-31,2075397.75,0.0,2075751.38,0.0,735.74,0.0,0,0,,0.0,0.0,621654.56,0.0,713120.69,0.0,516238.03,0.0,224257.48,0.0,0.0,0.0,0.0,0.0,0,0,,4467:36:23,0 days 03:14:15,0,19.5,19.6,19.4,228.7,0.1,0.0,0.0,21.0,27.1,59.5,68.1,21.2,43.1,426.3,426.9,426.3,0.0,0.0,0.0,0.0,0.0,314296.97,0.0,,,,,,0,,,,,,
PNB950657,PNB950657_DPR_February-2026.xlsx,DPR Report,2026-02-01,2077271.0,0.0,2077621.0,0.0,736.2,0.0,0,0,,0.0,0.0,622193.81,0.0,713453.94,0.0,516912.28,0.0,224652.94,0.0,0.0,0.0,0.0,0.0,0,0,,4471:34:08,0 days 03:57:45,0,19.1,19.1,19.0,187.5,0.1,0.0,0.0,21.9,19.7,25.5,26.1,20.8,28.8,424.4,424.3,425.0,0.0,0.0,0.0,0.0,0.0,314574.91,0.0,,,,,,0,,,,,,
PNB950657,PNB950657_DPR_February-2026.xlsx,DPR Report,2026-02-02,2079327.13,0.0,2079669.25,0.0,736.83,0.0,0,0,,0.0,0.0,622657.06,0.0,714387.0,0.0,517362.28,0.0,224787.64,0.0,0.0,0.0,0.0,0.0,0,0,,4475:55:09,0 days 04:21:01,0,19.6,19.7,19.5,222.3,0.1,0.0,0.0,19.0,26.6,57.8,67.6,19.1,41.3,426.8,424.2,427.6,0.0,0.0,0.0,0.0,0.0,314882.28,0.0,,,,,,0,,,,,,
PNB950657,PNB950657_DPR_February-2026.xlsx,DPR Report,2026-02-03,2081014.75,0.0,2081352.88,0.0,737.48,0.0,0,0,,0.0,0.0,623082.81,0.0,715010.5,0.0,517907.63,0.0,224889.27,0.0,0.0,0.0,0.0,0.0,0,0,,4479:29:31,0 days 03:34:22,0,19.6,19.7,19.5,229.6,0.1,0.0,0.0,21.2,30.1,62.1,72.0,22.0,43.0,425.1,425.6,427.6,0.0,0.0,0.0,0.0,0.0,315134.09,0.0,,,,,,0,,,,,,
PNB950657,PNB950657_DPR_February-2026.xlsx,DPR Report,2026-02-04,2082764.63,0.0,2083097.75,0.0,738.05,0.0,0,0,,0.0,0.0,623616.69,0.0,715648.13,0.0,518422.72,0.0,225006.78,0.0,0.0,0.0,0.0,0.0,0,0,,4483:08:23,0 days 03:38:52,0,19.3,19.3,19.2,200.3,0.1,0.0,0.0,24.7,22.5,29.6,29.1,23.1,33.1,424.9,427.3,424.1,0.0,0.0,0.0,0.0,0.0,315390.47,0.0,,,,,,0,,,,,,
PNB950657,PNB950657_DPR_February-2026.xlsx,DPR Report,2026-02-05,2084663.63,0.0,2084988.0,0.0,738.68,0.0,0,0,,0.0,0.0,624050.94,0.0,716362.75,0.0,518967.44,0.0,225160.48,0.0,0.0,0.0,0.0,0.0,0,0,,4487:08:19,0 days 03:59:56,0,18.2,32.4,85.1,223.1,3.9,506.4,505.0,21.5,42.5,74.2,77.7,24.7,34.8,427.0,425.6,428.0,119.5,121.3,121.1,0.9,77.7,315671.03,0.0,,,,,,0,,,,,,
PNB950657,PNB950657_DPR_February-2026.xlsx,DPR Report,2026-02-06,2086615.63,0.0,2086938.38,0.0,739.37,0.0,0,0,,0.0,0.0,624531.38,0.0,717082.06,0.0,519501.47,0.0,225364.41,0.0,0.0,0.0,0.0,0.0,0,0,,4491:17:09,0 days 04:08:50,0,19.8,19.8,19.6,239.5,0.1,0.0,0.0,18.9,50.8,96.9,100.2,19.9,47.6,426.4,428.8,426.2,0.0,0.0,0.0,0.0,0.0,315961.28,0.0,,,,,,0,,,,,,
PNB950657,PNB950657_DPR_February-2026.xlsx,DPR Report,2026-02-07,2088594.0,0.0,2088913.13,0.0,740.01,0.0,0,0,,0.0,0.0,625002.81,0.0,717793.38,0.0,520146.97,0.0,225500.73,0.0,0.0,0.0,0.0,0.0,0,0,,4495:23:48,0 days 04:06:39,0,19.6,19.7,19.6,237.3,0.1,0.0,0.0,19.2,41.6,71.7,87.9,20.6,41.3,424.3,429.8,426.9,0.0,0.0,0.0,0.0,0.0,316248.28,0.0,,,,,,0,,,,,,
PNB950657,PNB950657_DPR_February-2026.xlsx,DPR Report,2026-02-08,2090503.88,0.0,2090819.75,0.0,740.63,0.0,0,0,,0.0,0.0,625421.38,0.0,718551.06,0.0,520776.0,0.0,225607.7,0.0,0.0,0.0,0.0,0.0,0,0,,4499:23:02,0 days 03:59:14,0,19.6,19.7,19.5,236.6,0.1,0.0,0.0,19.5,38.5,68.9,84.8,21.0,42.5,424.7,427.7,427.6,0.0,0.0,0.0,0.0,0.0,316527.97,0.0,,,,,,0,,,,,,
PNB950657,PNB950657_DPR_February-2026.xlsx,DPR Report,2026-02-09,2092234.75,0.0,2092544.63,0.0,741.2,0.0,0,0,,0.0,0.0,625864.56,0.0,719240.38,0.0,521283.53,0.0,225787.48,0.0,0.0,0.0,0.0,0.0,0,0,,4503:00:50,0 days 03:37:48,0,19.1,19.2,19.0,189.9,0.1,0.0,0.0,20.9,17.9,25.2,24.5,19.3,28.9,424.7,427.3,427.2,0.0,0.0,0.0,0.0,0.0,316782.84,0.0,,,,,,0,,,,,,
PNB950657,PNB950657_DPR_February-2026.xlsx,DPR Report,2026-02-10,2093760.5,0.0,2094055.88,0.0,744.72,0.0,0,0,,0.0,0.0,626271.38,0.0,719789.56,0.0,521679.56,0.0,225899.16,0.0,0.0,0.0,0.0,0.0,0,0,,4506:09:29,0 days 03:08:39,0,19.2,19.3,19.1,209.3,0.1,0.0,0.0,22.1,19.7,26.6,26.0,20.3,30.1,423.7,425.0,425.9,0.0,0.0,0.0,0.0,0.0,317005.22,0.0,,,,,,0,,,,,,
PNB950657,PNB950657_DPR_February-2026.xlsx,DPR Report,2026-02-11,2095307.5,0.0,2095598.75,0.0,745.43,0.0,0,0,,0.0,0.0,626754.44,0.0,720340.94,0.0,522057.94,0.0,226002.48,0.0,0.0,0.0,0.0,0.0,0,0,,4509:24:23,0 days 03:14:54,0,19.7,19.8,19.6,237.5,0.1,0.0,0.0,17.4,42.0,76.2,88.7,18.0,46.8,424.4,426.1,426.6,0.0,0.0,0.0,0.0,0.0,317235.75,0.0,,,,,,0,,,,,,
PNB950657,PNB950657_DPR_February-2026.xlsx,DPR Report,2026-02-12,2097210.75,0.0,2097495.5,0.0,746.02,0.0,0,0,,0.0,0.0,627317.19,0.0,721071.5,0.0,522632.38,0.0,226073.97,0.0,0.0,0.0,0.0,0.0,0,0,,4513:23:59,0 days 03:59:36,0,19.6,19.7,19.5,226.7,0.1,0.0,0.0,20.4,31.2,63.3,74.4,21.1,42.2,424.8,427.0,426.8,0.0,0.0,0.0,0.0,0.0,317516.88,0.0,,,,,,0,,,,,,
PNB950657,PNB950657_DPR_February-2026.xlsx,DPR Report,2026-02-13,2098823.25,0.0,2099102.5,0.0,746.5,0.0,0,0,,0.0,0.0,627728.69,0.0,721792.13,0.0,523096.78,0.0,226175.63,0.0,0.0,0.0,0.0,0.0,0,0,,4516:47:39,0 days 03:23:40,0,19.0,19.1,18.9,166.8,0.1,0.0,0.0,22.5,20.3,25.1,25.9,21.4,28.4,424.7,427.2,427.0,0.0,0.0,0.0,0.0,0.0,317754.72,0.0,,,,,,0,,,,,,
PNB950657,PNB950657_DPR_February-2026.xlsx,DPR Report,2026-02-14,2100917.5,0.0,2101192.75,0.0,747.15,0.0,0,0,,0.0,0.0,628334.25,0.0,722460.19,0.0,523685.94,0.0,226302.73,0.0,0.0,0.0,0.0,0.0,0,0,,4521:09:53,0 days 04:22:14,0,19.5,19.6,19.5,234.0,0.1,0.0,0.0,20.6,24.7,57.2,24.1,20.2,44.8,428.1,433.9,432.8,0.0,0.0,0.0,0.0,0.0,318062.5,0.0,,,,,,0,,,,,,
PNB950657,PNB950657_DPR_February-2026.xlsx,DPR Report,2026-02-15,2102476.0,0.0,2102749.5,0.0,747.77,0.0,0,0,,0.0,0.0,628742.88,0.0,723052.44,0.0,524221.53,0.0,226385.8,0.0,0.0,0.0,0.0,0.0,0,0,,4524:26:27,0 days 03:16:34,0,19.4,19.5,19.3,191.0,0.1,0.0,0.0,23.0,19.8,36.2,35.4,20.7,36.9,423.7,426.2,424.0,0.0,0.0,0.0,0.0,0.0,318291.84,0.0,,,,,,0,,,,,,
PNB950657,PNB950657_DPR_February-2026.xlsx,DPR Report,2026-02-16,2104362.0,0.0,2104629.0,0.0,748.37,0.0,0,0,,0.0,0.0,629283.5,0.0,723748.63,0.0,524758.75,0.0,226498.17,0.0,0.0,0.0,0.0,0.0,0,0,,4528:22:49,0 days 03:56:22,0,19.4,19.5,19.4,198.6,0.1,0.0,0.0,23.4,20.7,40.0,40.5,21.5,38.8,426.1,426.5,427.8,0.0,0.0,0.0,0.0,0.0,318567.59,0.0,,,,,,0,,,,,,
PNB950657,PNB950657_DPR_February-2026.xlsx,DPR Report,2026-02-17,2105975.0,0.0,2106236.5,0.0,748.89,0.0,0,0,,0.0,0.0,629691.5,0.0,724389.69,0.0,525266.38,0.0,226585.25,0.0,0.0,0.0,0.0,0.0,0,0,,4531:44:53,0 days 03:22:04,0,19.1,19.1,19.0,172.3,0.1,0.0,0.0,21.6,19.1,25.3,25.5,20.2,29.2,422.5,427.9,424.8,0.0,0.0,0.0,0.0,0.0,318803.31,0.0,,,,,,0,,,,,,
PNB950657,PNB950657_DPR_February-2026.xlsx,DPR Report,2026-02-18,2107842.0,0.0,2108096.75,0.0,749.47,0.0,0,0,,0.0,0.0,630189.06,0.0,725132.38,0.0,525749.19,0.0,226655.05,0.0,0.0,0.0,0.0,0.0,0,0,,4535:37:56,0 days 03:53:03,0,19.6,19.7,19.5,236.2,0.1,0.0,0.0,20.2,39.6,74.4,85.5,21.9,47.2,424.5,429.4,427.4,0.0,0.0,0.0,0.0,0.0,319076.41,0.0,,,,,,0,,,,,,
PNB950657,PNB950657_DPR_February-2026.xlsx,DPR Report,2026-02-19,2109551.75,0.0,2109799.5,0.0,750.1,0.0,0,0,,0.0,0.0,630627.0,0.0,725659.06,0.0,526409.63,0.0,226736.03,0.0,0.0,0.0,0.0,0.0,0,0,,4539:14:27,0 days 03:36:31,0,19.7,19.8,19.6,232.9,0.1,0.0,0.0,24.2,29.6,48.9,63.3,23.5,37.7,427.8,426.3,427.8,0.0,0.0,0.0,0.0,0.0,319328.47,0.0,,,,,,0,,,,,,
PNB950657,PNB950657_DPR_February-2026.xlsx,DPR Report,2026-02-20,2111630.0,0.0,2111871.25,0.0,750.79,0.0,0,0,,0.0,0.0,631131.19,0.0,726584.06,0.0,526935.38,0.0,226877.52,0.0,0.0,0.0,0.0,0.0,0,0,,4543:36:08,0 days 04:21:41,0,19.6,19.7,19.5,231.9,0.1,0.0,0.0,23.5,29.5,58.7,68.0,23.8,43.2,423.7,425.2,426.0,0.0,0.0,0.0,0.0,0.0,319632.44,0.0,,,,,,0,,,,,,
PNB950657,PNB950657_DPR_February-2026.xlsx,DPR Report,2026-02-21,2113228.75,0.0,2113463.5,0.0,751.31,0.0,0,0,,0.0,0.0,631492.88,0.0,727238.63,0.0,527391.38,0.0,227004.22,0.0,0.0,0.0,0.0,0.0,0,0,,4546:57:56,0 days 03:21:48,0,19.6,19.7,19.5,233.9,0.1,0.0,0.0,21.7,30.4,62.4,73.0,22.3,43.1,426.9,429.0,428.6,0.0,0.0,0.0,0.0,0.0,319867.5,0.0,,,,,,0,,,,,,
PNB950657,PNB950657_DPR_February-2026.xlsx,DPR Report,2026-02-22,2114963.25,0.0,2115195.5,0.0,751.98,0.0,0,0,,0.0,0.0,631915.81,0.0,727813.19,0.0,528024.13,0.0,227114.36,0.0,0.0,0.0,0.0,0.0,0,0,,4550:39:15,0 days 03:41:19,0,19.6,19.6,19.4,231.4,0.1,0.0,0.0,22.0,33.2,65.0,77.6,23.0,43.1,425.6,426.3,424.1,0.0,0.0,0.0,0.0,0.0,320124.91,0.0,,,,,,0,,,,,,
PNB950657,PNB950657_DPR_February-2026.xlsx,DPR Report,2026-02-23,2116835.75,0.0,2117063.75,0.0,752.64,0.0,0,0,,0.0,0.0,632483.06,0.0,728454.38,0.0,528601.06,0.0,227203.95,0.0,0.0,0.0,0.0,0.0,0,0,,4554:37:30,0 days 03:58:15,0,19.6,19.7,19.5,231.9,0.1,0.0,0.0,21.8,39.5,74.3,86.2,23.3,47.0,426.8,428.7,426.2,0.0,0.0,0.0,0.0,0.0,320401.56,0.0,,,,,,0,,,,,,
PNB950657,PNB950657_DPR_February-2026.xlsx,DPR Report,2026-02-24,2118802.25,0.0,2119027.0,0.0,753.39,0.0,0,0,,0.0,0.0,633064.31,0.0,729249.25,0.0,529091.13,0.0,227290.38,0.0,0.0,0.0,0.0,0.0,0,0,,4558:46:41,0 days 04:09:11,0,19.8,19.8,19.6,239.1,0.1,0.0,0.0,20.8,50.4,91.6,98.5,21.0,48.9,424.0,427.7,427.2,0.0,0.0,0.0,0.0,0.0,320691.84,0.0,,,,,,0,,,,,,
PNB950657,PNB950657_DPR_February-2026.xlsx,DPR Report,2026-02-25,2120595.5,0.0,2120816.75,0.0,753.99,0.0,0,0,,0.0,0.0,633496.19,0.0,730027.75,0.0,529596.81,0.0,227380.23,0.0,0.0,0.0,0.0,0.0,0,0,,4562:33:40,0 days 03:46:59,0,19.6,19.6,19.4,232.0,0.1,0.0,0.0,24.3,26.7,53.1,63.5,24.2,39.1,425.4,426.2,426.9,0.0,0.0,0.0,0.0,0.0,320955.16,0.0,,,,,,0,,,,,,
PNB950657,PNB950657_DPR_February-2026.xlsx,DPR Report,2026-02-26,2122083.25,0.0,2122301.0,0.0,754.47,0.0,0,0,,0.0,0.0,633894.06,0.0,730477.19,0.0,530120.94,0.0,227489.78,0.0,0.0,0.0,0.0,0.0,0,0,,4565:41:12,0 days 03:07:32,0,19.7,19.7,19.5,233.9,0.1,0.0,0.0,21.0,44.9,78.5,92.3,22.5,43.7,424.8,427.2,427.3,0.0,0.0,0.0,0.0,0.0,321172.34,0.0,,,,,,0,,,,,,
PNB950657,PNB950657_DPR_February-2026.xlsx,DPR Report,2026-02-27,2123837.75,0.0,2124046.75,0.0,755.05,0.0,0,0,,0.0,0.0,634523.94,0.0,731090.44,0.0,530590.31,0.0,227541.75,0.0,0.0,0.0,0.0,0.0,0,0,,4569:21:30,0 days 03:40:18,0,19.6,19.6,19.4,233.7,0.1,0.0,0.0,23.8,29.1,61.0,69.3,23.6,47.3,424.0,426.3,427.8,0.0,0.0,0.0,0.0,0.0,321430.03,0.0,,,,,,0,,,,,,
PNB950657,PNB950657_DPR_February-2026.xlsx,DPR Report,2026-02-28,2125381.5,0.0,2125579.5,0.0,755.58,0.0,0,0,,,,634930.0,0.0,731759.69,0.0,531040.25,0.0,227635.38,0.0,,,,,0,0,,4572:36:34,0 days 03:15:04,0,18.2,32.3,84.5,185.3,3.9,499.1,491.5,20.5,60.7,104.0,91.2,24.9,45.1,426.5,426.3,426.1,110.2,109.5,109.9,0.9,71.3,321656.41,0.0,,,,,,0,,,,,,
PNB950657,PNB950657_DPR_March-2026.xlsx,DPR Report,2026-03-01,2126889.75,0.0,2127081.75,0.0,756.05,0.0,0,0,,0.0,0.0,635287.56,0.0,732420.31,0.0,531415.38,0.0,227707.59,0.0,0.0,0.0,0.0,0.0,0,0,,4575:47:45,0 days 03:10:10,0,18.2,32.4,84.6,188.4,3.9,498.5,490.2,21.1,62.4,107.5,94.2,25.8,52.4,426.2,427.8,427.3,109.5,109.3,109.4,0.9,71.3,321878.22,0.0,,,,,,0,,,,,,
PNB950657,PNB950657_DPR_March-2026.xlsx,DPR Report,2026-03-02,2128913.75,0.0,2129099.0,0.0,756.69,0.0,0,0,,0.0,0.0,635843.19,0.0,733311.0,0.0,531860.38,0.0,227823.38,0.0,0.0,0.0,0.0,0.0,0,0,,4580:07:04,0 days 04:19:19,0,19.6,19.7,19.5,235.1,0.1,0.0,0.0,23.4,34.3,64.1,78.5,24.7,43.9,423.3,424.4,424.7,0.0,0.0,0.0,0.0,0.0,322180.22,0.0,,,,,,0,,,,,,
PNB950657,PNB950657_DPR_March-2026.xlsx,DPR Report,2026-03-03,2130345.25,0.0,2130527.5,0.0,757.17,0.0,0,0,,0.0,0.0,636253.63,0.0,733810.75,0.0,532382.19,0.0,227838.0,0.0,0.0,0.0,0.0,0.0,0,0,,4583:09:09,0 days 03:02:05,0,19.6,19.7,19.4,223.8,0.1,0.0,0.0,24.7,31.8,61.4,73.4,25.5,42.9,424.2,427.9,426.8,0.0,0.0,0.0,0.0,0.0,322391.53,0.0,,,,,,0,,,,,,
PNB950657,PNB950657_DPR_March-2026.xlsx,DPR Report,2026-03-04,2131205.75,0.0,2131384.75,0.0,757.51,0.0,0,0,,0.0,0.0,636474.38,0.0,734192.75,0.0,532670.25,0.0,227890.67,0.0,0.0,0.0,0.0,0.0,0,0,,4584:58:44,0 days 01:49:35,0,18.2,32.3,82.8,161.6,3.9,510.8,502.4,22.5,58.2,97.0,86.6,25.4,34.0,425.6,424.9,425.1,107.8,107.4,107.0,0.9,69.6,322519.94,0.0,,,,,,0,,,,,,
PNB950657,PNB950657_DPR_March-2026.xlsx,DPR Report,2026-03-05,2133013.0,0.0,2133190.5,0.0,758.03,0.0,0,0,,0.0,0.0,636867.31,0.0,734864.88,0.0,533252.94,0.0,228022.28,0.0,0.0,0.0,0.0,0.0,0,0,,4588:47:21,0 days 03:48:37,0,19.2,19.3,19.1,188.8,0.1,0.0,0.0,25.7,22.5,32.3,30.5,23.9,36.0,427.1,426.7,427.1,0.0,0.0,0.0,0.0,0.0,322787.25,0.0,,,,,,0,,,,,,
PNB950657,PNB950657_DPR_March-2026.xlsx,DPR Report,2026-03-06,2134838.75,0.0,2135007.0,0.0,758.67,0.0,0,0,,0.0,0.0,637389.88,0.0,735437.38,0.0,533831.06,0.0,228110.97,0.0,0.0,0.0,0.0,0.0,0,0,,4592:36:01,0 days 03:48:40,0,19.6,19.6,19.5,229.9,0.1,0.0,0.0,23.5,24.2,53.7,59.3,22.8,44.0,430.9,428.2,431.5,0.0,0.0,0.0,0.0,0.0,323054.31,0.0,,,,,,0,,,,,,
PNB950657,PNB950657_DPR_March-2026.xlsx,DPR Report,2026-03-07,2136372.25,0.0,2136536.75,0.0,759.2,0.0,0,0,,0.0,0.0,637777.38,0.0,735994.5,0.0,534329.94,0.0,228199.81,0.0,0.0,0.0,0.0,0.0,0,0,,4595:48:59,0 days 03:12:58,0,19.6,19.7,19.5,232.8,0.1,0.0,0.0,22.7,30.1,61.9,72.0,23.0,45.1,426.6,431.7,428.2,0.0,0.0,0.0,0.0,0.0,323277.53,0.0,,,,,,0,,,,,,
PNB950657,PNB950657_DPR_March-2026.xlsx,DPR Report,2026-03-08,2137576.0,0.0,2137740.25,0.0,759.62,0.0,0,0,,0.0,0.0,638023.88,0.0,736474.38,0.0,534746.88,0.0,228261.17,0.0,0.0,0.0,0.0,0.0,0,0,,4598:22:15,0 days 02:33:16,0,19.7,19.7,19.5,235.4,0.1,0.0,0.0,23.1,38.1,72.0,84.2,25.0,46.6,424.3,427.5,427.5,0.0,0.0,0.0,0.0,0.0,323455.56,0.0,,,,,,0,,,,,,
PNB950657,PNB950657_DPR_March-2026.xlsx,DPR Report,2026-03-09,2139286.25,0.0,2139452.5,0.0,760.18,0.0,0,0,,0.0,0.0,638505.25,0.0,737052.19,0.0,535246.69,0.0,228420.13,0.0,0.0,0.0,0.0,0.0,0,0,,4601:59:39,0 days 03:37:24,0,19.7,19.7,19.5,236.6,0.1,0.0,0.0,23.2,43.2,77.6,91.0,25.0,46.5,427.6,429.0,428.8,0.0,0.0,0.0,0.0,0.0,323706.41,0.0,,,,,,0,,,,,,
PNB950657,PNB950657_DPR_March-2026.xlsx,DPR Report,2026-03-10,2140742.75,0.0,2140911.0,0.0,760.84,0.0,0,0,,0.0,0.0,638901.5,0.0,737607.63,0.0,535646.0,0.0,228516.88,0.0,0.0,0.0,0.0,0.0,0,0,,4605:06:51,0 days 03:07:12,0,19.7,19.7,19.5,238.1,0.1,0.0,0.0,23.9,49.3,80.8,95.6,24.4,44.7,423.2,426.0,424.8,0.0,0.0,0.0,0.0,0.0,323923.19,0.0,,,,,,0,,,,,,
PNB950657,PNB950657_DPR_March-2026.xlsx,DPR Report,2026-03-11,2142117.5,0.0,2142288.0,0.0,761.43,0.0,0,0,,0.0,0.0,639268.63,0.0,738221.44,0.0,535963.75,0.0,228648.44,0.0,0.0,0.0,0.0,0.0,0,0,,4608:03:59,0 days 02:57:08,0,19.1,19.1,18.9,195.2,0.1,0.0,0.0,27.5,24.3,32.1,31.9,26.0,35.9,424.8,426.2,427.8,0.0,0.0,0.0,0.0,0.0,324128.09,0.0,,,,,,0,,,,,,
PNB950657,PNB950657_DPR_March-2026.xlsx,DPR Report,2026-03-12,2143712.25,0.0,2143882.75,0.0,762.06,0.0,0,0,,0.0,0.0,639703.13,0.0,738945.25,0.0,536344.19,0.0,228749.73,0.0,0.0,0.0,0.0,0.0,0,0,,4611:27:59,0 days 03:24:00,0,18.9,18.9,18.7,169.0,0.1,0.0,0.0,26.3,24.0,28.9,29.9,25.2,32.5,425.7,424.6,425.5,0.0,0.0,0.0,0.0,0.0,324365.72,0.0,,,,,,0,,,,,,
PNB950657,PNB950657_DPR_March-2026.xlsx,DPR Report,2026-03-13,2145197.75,0.0,2145365.0,0.0,762.62,0.0,0,0,,0.0,0.0,640004.63,0.0,739535.06,0.0,536799.94,0.0,228810.05,0.0,0.0,0.0,0.0,0.0,0,0,,4614:36:31,0 days 03:08:32,0,19.5,19.6,19.4,222.0,0.1,0.0,0.0,26.8,24.1,46.8,48.0,24.9,44.1,424.1,426.2,427.9,0.0,0.0,0.0,0.0,0.0,324585.47,0.0,,,,,,0,,,,,,
PNB950657,PNB950657_DPR_March-2026.xlsx,DPR Report,2026-03-14,2146824.75,0.0,2146992.25,0.0,763.17,0.0,0,0,,0.0,0.0,640488.5,0.0,740067.75,0.0,537413.31,0.0,228865.77,0.0,0.0,0.0,0.0,0.0,0,0,,4618:02:16,0 days 03:25:45,0,19.2,19.2,19.0,173.6,0.1,0.0,0.0,27.9,25.2,32.3,31.3,26.1,35.6,424.4,427.0,424.2,0.0,0.0,0.0,0.0,0.0,324823.56,0.0,,,,,,0,,,,,,
PNB950657,PNB950657_DPR_March-2026.xlsx,DPR Report,2026-03-15,2148356.0,0.0,2148523.5,0.0,763.8,0.0,0,0,,0.0,0.0,640929.25,0.0,740679.31,0.0,537871.88,0.0,228912.09,0.0,0.0,0.0,0.0,0.0,0,0,,4621:18:20,0 days 03:16:04,0,19.0,19.0,18.8,181.0,0.1,0.0,0.0,27.0,24.7,29.9,30.4,26.1,33.6,428.6,429.1,429.3,0.0,0.0,0.0,0.0,0.0,325052.56,0.0,,,,,,0,,,,,,
PNB950657,PNB950657_DPR_March-2026.xlsx,DPR Report,2026-03-16,2150230.75,0.0,2150397.75,0.0,764.46,0.0,0,0,,0.0,0.0,641444.25,0.0,741298.13,0.0,538469.75,0.0,228997.5,0.0,0.0,0.0,0.0,0.0,0,0,,4625:16:07,0 days 03:57:47,0,19.1,19.1,18.9,201.6,0.1,0.0,0.0,26.6,24.0,29.9,29.8,25.0,33.6,425.8,426.1,424.3,0.0,0.0,0.0,0.0,0.0,325329.31,0.0,,,,,,0,,,,,,
PNB950657,PNB950657_DPR_March-2026.xlsx,DPR Report,2026-03-17,2151813.5,0.0,2151981.5,0.0,765.01,0.0,0,0,,0.0,0.0,641853.06,0.0,742020.5,0.0,538926.5,0.0,229105.72,0.0,0.0,0.0,0.0,0.0,0,0,,4628:38:32,0 days 03:22:25,0,19.1,19.1,18.8,147.7,0.1,0.0,0.0,27.8,24.9,31.9,31.7,26.2,35.7,425.5,427.0,426.8,0.0,0.0,0.0,0.0,0.0,325564.0,0.0,,,,,,0,,,,,,
PNB950657,PNB950657_DPR_March-2026.xlsx,DPR Report,2026-03-18,2153546.75,0.0,2153711.25,0.0,765.61,0.0,0,0,,0.0,0.0,642241.75,0.0,742612.38,0.0,539513.63,0.0,229199.14,0.0,0.0,0.0,0.0,0.0,0,0,,4632:20:20,0 days 03:41:48,0,18.7,18.7,18.5,184.3,0.1,0.0,0.0,23.2,22.1,25.5,26.7,22.7,29.8,0.0,0.0,0.0,0.0,0.0,0.0,0.0,0.0,325822.56,0.0,,,,,,0,,,,,,
PNB950657,PNB950657_DPR_March-2026.xlsx,DPR Report,2026-03-19,2154580.25,0.0,2154742.25,0.0,765.97,0.0,0,0,,0.0,0.0,642454.44,0.0,743020.63,0.0,539777.44,0.0,229266.14,0.0,0.0,0.0,0.0,0.0,0,0,,4634:30:20,0 days 02:10:00,0,19.6,19.7,19.5,198.2,0.1,0.0,0.0,21.0,32.1,58.5,72.8,21.6,37.5,428.7,431.6,430.9,0.0,0.0,0.0,0.0,0.0,325975.19,0.0,,,,,,0,,,,,,
PNB950657,PNB950657_DPR_March-2026.xlsx,DPR Report,2026-03-20,2156354.25,0.0,2156507.75,0.0,766.65,0.0,0,0,,0.0,0.0,642952.94,0.0,743646.25,0.0,540377.5,0.0,229340.08,0.0,0.0,0.0,0.0,0.0,0,0,,4638:13:54,0 days 03:43:34,0,18.2,32.6,86.2,235.1,4.1,503.7,502.2,20.4,61.0,103.1,107.7,24.5,43.3,426.2,425.0,427.9,118.2,121.1,121.1,0.9,77.7,326236.81,0.0,,,,,,0,,,,,,
PNB950657,PNB950657_DPR_March-2026.xlsx,DPR Report,2026-03-21,2157570.0,0.0,2157723.0,0.0,767.25,0.0,0,0,,0.0,0.0,643253.94,0.0,744037.44,0.0,540825.94,0.0,229429.94,0.0,0.0,0.0,0.0,0.0,0,0,,4640:50:07,0 days 02:36:13,0,18.2,32.6,86.8,233.0,3.8,500.7,494.1,22.2,63.1,106.5,109.8,26.9,46.7,427.6,427.3,427.2,117.3,117.8,117.9,0.9,76.9,326418.97,0.0,,,,,,0,,,,,,
PNB950657,PNB950657_DPR_March-2026.xlsx,DPR Report,2026-03-22,2158934.0,0.0,2159089.5,0.0,767.77,0.0,0,0,,0.0,0.0,643624.56,0.0,744577.13,0.0,541246.56,0.0,229512.5,0.0,0.0,0.0,0.0,0.0,0,0,,4643:45:36,0 days 02:55:29,0,19.0,19.1,18.9,189.7,0.1,0.0,0.0,27.6,25.4,30.6,31.4,26.7,34.2,425.5,427.6,426.9,0.0,0.0,0.0,0.0,0.0,326621.63,0.0,,,,,,0,,,,,,
PNB950657,PNB950657_DPR_March-2026.xlsx,DPR Report,2026-03-23,2161180.5,0.0,2161333.0,0.0,768.46,0.0,0,0,,0.0,0.0,644257.5,0.0,745069.25,0.0,541978.25,0.0,229924.77,0.0,0.0,0.0,0.0,0.0,0,0,,4648:32:11,0 days 04:46:35,0,19.0,19.1,18.8,178.7,0.1,0.0,0.0,27.5,25.4,30.8,30.9,26.2,34.8,425.8,427.7,427.7,0.0,0.0,0.0,0.0,0.0,326955.97,0.0,,,,,,0,,,,,,
PNB950657,PNB950657_DPR_March-2026.xlsx,DPR Report,2026-03-24,2162888.0,0.0,2163038.75,0.0,769.11,0.0,0,0,,0.0,0.0,644788.63,0.0,745612.5,0.0,542516.56,0.0,230010.72,0.0,0.0,0.0,0.0,0.0,0,0,,4652:12:20,0 days 03:40:09,0,19.6,19.6,19.4,229.6,0.1,0.0,0.0,25.5,43.3,79.3,91.2,27.3,50.0,424.8,426.7,426.2,0.0,0.0,0.0,0.0,0.0,327212.13,0.0,,,,,,0,,,,,,
PNB950657,PNB950657_DPR_March-2026.xlsx,DPR Report,2026-03-25,2164265.5,0.0,2164416.75,0.0,769.54,0.0,0,0,,0.0,0.0,645125.13,0.0,746088.38,0.0,542928.44,0.0,230115.11,0.0,0.0,0.0,0.0,0.0,0,0,,4655:09:38,0 days 02:57:18,0,19.6,19.6,19.4,238.8,0.1,0.0,0.0,24.0,52.9,93.3,101.7,25.1,50.2,423.7,427.8,424.1,216.5,0.0,0.0,0.0,0.0,327417.19,0.0,,,,,,0,,,,,,
PNB950657,PNB950657_DPR_March-2026.xlsx,DPR Report,2026-03-26,2165663.5,0.0,2165812.5,0.0,770.0,0.0,0,0,,0.0,0.0,645551.0,0.0,746717.13,0.0,543317.75,0.0,230193.53,0.0,0.0,0.0,0.0,0.0,0,0,,4658:09:38,0 days 03:00:00,0,18.2,32.4,85.8,212.2,4.2,500.4,491.9,24.0,63.1,105.0,105.4,28.8,41.4,424.8,425.6,425.6,114.1,118.3,118.0,0.9,75.8,327626.63,0.0,,,,,,0,,,,,,
PNB950657,PNB950657_DPR_March-2026.xlsx,DPR Report,2026-03-27,2167208.25,0.0,2167359.5,0.0,770.41,0.0,0,0,,0.0,0.0,645930.56,0.0,747235.25,0.0,543728.94,0.0,230317.84,0.0,0.0,0.0,0.0,0.0,0,0,,4661:28:24,0 days 03:18:46,0,19.6,19.6,19.4,235.2,0.1,0.0,0.0,26.6,38.3,68.3,81.2,27.5,45.7,427.8,429.8,429.8,0.0,0.0,0.0,0.0,0.0,327858.34,0.0,,,,,,0,,,,,,
PNB950657,PNB950657_DPR_March-2026.xlsx,DPR Report,2026-03-28,2169030.5,0.0,2169180.75,0.0,770.91,0.0,0,0,,,,646444.75,0.0,747834.81,0.0,544343.56,0.0,230402.05,0.0,,,,,0,0,,4665:23:22,0 days 03:54:58,0,19.8,19.8,19.6,239.3,0.1,0.0,0.0,25.2,52.5,88.5,97.9,23.9,44.2,422.7,427.9,424.5,0.0,0.0,0.0,0.0,0.0,328131.28,0.0,,,,,,0,,,,,,
PNB950657,PNB950657_DPR_March-2026.xlsx,DPR Report,2026-03-29,2170462.75,0.0,2170612.25,0.0,771.29,0.0,0,0,,,,646816.13,0.0,748453.5,0.0,544772.31,0.0,230503.53,0.0,,,,,0,0,,4668:28:37,0 days 03:05:15,0,19.0,19.0,18.7,175.5,0.1,0.0,0.0,28.7,26.7,31.1,32.1,27.7,34.5,428.2,430.1,428.6,0.0,0.0,0.0,0.0,0.0,328345.44,0.0,,,,,,0,,,,,,
PNB950657,PNB950657_DPR_April-2026.xlsx,DPR Report,2026-03-30,2172422.0,,2172570.25,,771.74,,0,0,,0.0,,647456.0,,749107.56,,545273.25,,230601.17,,0.0,,0.0,,0,0,,4672:40:38,0 days 00:00:00,0,19.7,19.7,19.5,238.9,0.1,0.0,0.0,25.6,55.2,99.3,104.4,26.6,57.7,424.2,424.6,425.1,0.0,0.0,0.0,0.0,0.0,328638.28,,,,,,,0,,,,,,
PNB950657,PNB950657_DPR_March-2026.xlsx,DPR Report,2026-03-31,2173998.5,0.0,2174143.75,0.0,772.15,0.0,0,0,,,0.0,647911.13,0.0,749679.06,0.0,545787.38,0.0,230675.13,0.0,,,,,0,0,,4676:03:21,0 days 03:22:43,0,18.9,19.0,18.7,196.9,0.1,0.0,0.0,27.1,24.8,30.1,30.6,26.0,33.9,422.1,427.8,424.8,0.0,0.0,0.0,0.0,0.0,328874.44,0.0,,0.0,0.0,0.0,0.0,0,0.0,0.0,0.0,0.0,0.0,
PNB950657,PNB950657_DPR_April-2026.xlsx,DPR Report,2026-04-01,2175577.5,0.0,2175720.25,0.0,772.59,0.0,0,0,,0.0,0.0,648363.13,0.0,750179.25,0.0,546298.38,0.0,230793.25,0.0,0.0,0.0,0.0,0.0,0,0,,4679:25:23,0 days 03:22:02,0,19.4,19.4,19.2,195.5,0.1,0.0,0.0,28.0,25.5,39.7,39.4,26.3,40.6,425.3,426.5,424.4,0.0,0.0,0.0,0.0,0.0,329109.44,0.0,,,,,,0,,,,,,
PNB950657,PNB950657_DPR_April-2026.xlsx,DPR Report,2026-04-02,2177355.5,0.0,2177496.0,0.0,773.08,0.0,0,0,,0.0,0.0,648811.81,0.0,750686.5,0.0,547078.25,0.0,230939.28,0.0,0.0,0.0,0.0,0.0,0,0,,4683:14:06,0 days 03:48:43,0,19.1,19.1,18.8,155.1,0.1,0.0,0.0,29.1,26.9,31.9,32.8,27.9,34.5,427.3,428.8,429.1,0.0,0.0,0.0,0.0,0.0,329373.91,0.0,,,,,,0,,,,,,
PNB950657,PNB950657_DPR_April-2026.xlsx,DPR Report,2026-04-03,2178931.5,0.0,2179068.5,0.0,773.53,0.0,0,0,,0.0,0.0,649199.06,0.0,751239.75,0.0,547454.0,0.0,231076.98,0.0,0.0,0.0,0.0,0.0,0,0,,4686:34:26,0 days 03:20:20,0,19.3,19.4,19.1,220.6,0.1,0.0,0.0,29.3,26.3,37.0,36.2,27.3,39.3,424.2,426.6,424.0,0.0,0.0,0.0,0.0,0.0,329607.56,0.0,,,,,,0,,,,,,
PNB950657,PNB950657_DPR_April-2026.xlsx,DPR Report,2026-04-04,2180003.5,0.0,2180139.25,0.0,773.89,0.0,0,0,,0.0,0.0,649536.44,0.0,751630.75,0.0,547842.31,0.0,231131.89,0.0,0.0,0.0,0.0,0.0,0,0,,4688:52:17,0 days 02:17:51,0,18.9,19.0,18.8,159.5,0.1,0.0,0.0,25.9,24.1,28.2,29.5,25.3,31.5,427.6,427.1,426.8,0.0,0.0,0.0,0.0,0.0,329768.09,0.0,,,,,,0,,,,,,
PNB950657,PNB950657_DPR_April-2026.xlsx,DPR Report,2026-04-05,2181470.0,0.0,2181605.0,0.0,774.34,0.0,0,0,,0.0,0.0,649943.19,0.0,752082.31,0.0,548307.63,0.0,231196.45,0.0,0.0,0.0,0.0,0.0,0,0,,4692:00:10,0 days 03:07:53,0,19.0,19.1,18.8,202.4,0.1,0.0,0.0,26.2,24.0,29.1,29.7,25.3,32.9,425.5,424.3,425.2,0.0,0.0,0.0,0.0,0.0,329987.0,0.0,,,,,,0,,,,,,
PNB950657,PNB950657_DPR_April-2026.xlsx,DPR Report,2026-04-06,2182927.0,0.0,2183061.0,0.0,774.74,0.0,0,0,,0.0,0.0,650338.0,0.0,752733.44,0.0,548762.13,0.0,231247.34,0.0,0.0,0.0,0.0,0.0,0,0,,4695:05:48,0 days 03:05:38,0,18.9,18.9,18.7,156.7,0.1,0.0,0.0,27.7,26.4,29.6,30.8,26.6,32.1,424.5,428.9,427.0,0.0,0.0,0.0,0.0,0.0,330201.34,0.0,,,,,,0,,,,,,
PNB950657,PNB950657_DPR_April-2026.xlsx,DPR Report,2026-04-07,2184309.25,0.0,2184441.5,0.0,775.18,0.0,0,0,,0.0,0.0,650713.88,0.0,753297.88,0.0,549128.81,0.0,231317.64,0.0,0.0,0.0,0.0,0.0,0,0,,4698:01:26,0 days 02:55:38,0,18.9,18.9,18.7,161.5,0.1,0.0,0.0,28.6,27.1,30.3,31.7,27.5,32.6,424.6,426.4,427.8,0.0,0.0,0.0,0.0,0.0,330404.91,0.0,,,,,,0,,,,,,
PNB950657,PNB950657_DPR_April-2026.xlsx,DPR Report,2026-04-08,2185843.75,0.0,2185973.5,0.0,775.64,0.0,0,0,,0.0,0.0,651105.94,0.0,753806.75,0.0,549614.81,0.0,231410.08,0.0,0.0,0.0,0.0,0.0,0,0,,4701:16:18,0 days 03:14:52,0,19.0,19.0,18.8,187.4,0.1,0.0,0.0,27.0,25.1,30.0,30.2,25.9,33.8,424.4,427.1,424.3,0.0,0.0,0.0,0.0,0.0,330631.03,0.0,,,,,,0,,,,,,
PNB950657,PNB950657_DPR_April-2026.xlsx,DPR Report,2026-04-09,2187469.75,0.0,2187599.5,0.0,776.1,0.0,0,0,,0.0,0.0,651583.13,0.0,754426.31,0.0,550015.13,0.0,231511.86,0.0,0.0,0.0,0.0,0.0,0,0,,4704:43:17,0 days 03:26:59,0,19.3,19.3,19.1,217.5,0.1,0.0,0.0,29.8,27.4,36.7,35.8,28.3,39.9,424.0,427.9,426.9,0.0,0.0,0.0,0.0,0.0,330869.56,0.0,,,,,,0,,,,,,
PNB950657,PNB950657_DPR_April-2026.xlsx,DPR Report,2026-04-10,2188916.75,0.0,2189049.75,0.0,776.66,0.0,0,0,,0.0,0.0,651982.25,0.0,755037.75,0.0,550390.63,0.0,231606.13,0.0,0.0,0.0,0.0,0.0,0,0,,4707:50:40,0 days 03:07:23,0,19.5,19.5,19.2,218.1,0.1,0.0,0.0,30.7,27.9,45.3,45.1,28.4,45.0,422.4,425.4,425.9,0.0,0.0,0.0,0.0,0.0,331085.5,0.0,,,,,,0,,,,,,
PNB950657,PNB950657_DPR_April-2026.xlsx,DPR Report,2026-04-11,2190248.75,0.0,2190385.5,0.0,777.09,0.0,0,0,,0.0,0.0,652385.69,0.0,755554.44,0.0,550822.19,0.0,231666.89,0.0,0.0,0.0,0.0,0.0,0,0,,4710:43:41,0 days 02:53:01,0,19.0,19.0,18.8,156.7,0.1,0.0,0.0,30.2,27.5,32.8,33.6,29.2,36.3,426.8,429.8,429.5,0.0,0.0,0.0,0.0,0.0,331284.53,0.0,,,,,,0,,,,,,
PNB950657,PNB950657_DPR_April-2026.xlsx,DPR Report,2026-04-12,2192196.5,0.0,2192339.75,0.0,777.7,0.0,0,0,,0.0,0.0,652963.13,0.0,756146.5,0.0,551346.88,0.0,231848.59,0.0,0.0,0.0,0.0,0.0,0,0,,4714:55:48,0 days 04:12:07,0,19.5,19.5,19.3,200.7,0.1,0.0,0.0,32.3,29.4,46.4,46.2,30.3,46.2,423.5,425.9,425.6,0.0,0.0,0.0,0.0,0.0,331574.09,0.0,,,,,,0,,,,,,
PNB950657,PNB950657_DPR_April-2026.xlsx,DPR Report,2026-04-13,2194024.0,0.0,2194173.5,0.0,778.17,0.0,0,0,,0.0,0.0,653694.81,0.0,756690.94,0.0,551810.0,0.0,232048.05,0.0,0.0,0.0,0.0,0.0,0,0,,4718:51:34,0 days 03:55:46,0,19.0,19.1,18.8,141.3,0.1,0.0,0.0,30.9,28.3,34.1,34.3,29.6,37.8,424.1,429.7,426.6,0.0,0.0,0.0,0.0,0.0,331843.59,0.0,,,,,,0,,,,,,
PNB950657,PNB950657_DPR_April-2026.xlsx,DPR Report,2026-04-14,2196313.75,0.0,2196471.5,0.0,778.85,0.0,0,0,,0.0,0.0,654530.19,0.0,757398.31,0.0,552190.88,0.0,232284.45,0.0,0.0,0.0,0.0,0.0,0,0,,4723:46:40,0 days 04:55:06,0,19.7,19.7,19.4,235.6,0.1,0.0,0.0,27.2,44.6,81.0,93.3,28.9,50.8,423.2,427.9,424.6,0.0,0.0,0.0,0.0,0.0,332182.84,0.0,,,,,,0,,,,,,
PNB950657,PNB950657_DPR_April-2026.xlsx,DPR Report,2026-04-15,2198919.75,0.0,2199089.0,0.0,779.45,0.0,0,0,,0.0,0.0,655395.44,0.0,758279.25,0.0,552803.19,0.0,232622.89,0.0,0.0,0.0,0.0,0.0,0,0,,4729:24:33,0 days 05:37:53,0,19.2,19.2,19.0,175.8,0.1,0.0,0.0,29.6,26.8,35.2,33.6,27.8,39.5,425.4,427.5,427.0,0.0,0.0,0.0,0.0,0.0,332569.59,0.0,,,,,,0,,,,,,
PNB950657,PNB950657_DPR_April-2026.xlsx,DPR Report,2026-04-16,2201486.25,0.0,2201666.0,0.0,780.02,0.0,0,0,,0.0,0.0,656421.88,0.0,759006.19,0.0,553405.38,0.0,232895.22,0.0,0.0,0.0,0.0,0.0,0,0,,4734:54:32,0 days 05:29:59,0,19.1,19.1,18.9,144.2,0.1,0.0,0.0,30.1,27.1,35.0,33.7,28.7,39.8,425.0,424.8,425.7,0.0,0.0,0.0,0.0,0.0,332948.16,0.0,,,,,,0,,,,,,
PNB950657,PNB950657_DPR_April-2026.xlsx,DPR Report,2026-04-17,2203532.75,0.0,2203720.0,0.0,780.58,0.0,0,0,,0.0,0.0,657053.63,0.0,759754.94,0.0,553825.75,0.0,233083.17,0.0,0.0,0.0,0.0,0.0,0,0,,4739:18:11,0 days 04:23:39,0,19.1,19.1,18.9,177.0,0.1,0.0,0.0,29.6,27.2,33.1,33.5,28.5,37.1,427.1,424.2,427.1,0.0,0.0,0.0,0.0,0.0,333250.53,0.0,,,,,,0,,,,,,
PNB950657,PNB950657_DPR_April-2026.xlsx,DPR Report,2026-04-18,2204696.0,0.0,2204888.75,0.0,780.92,0.0,0,0,,0.0,0.0,657438.06,0.0,760150.38,0.0,554177.0,0.0,233129.09,0.0,0.0,0.0,0.0,0.0,0,0,,4741:49:45,0 days 02:31:34,0,18.8,18.8,18.6,173.0,0.1,0.0,0.0,28.4,26.4,30.0,31.7,27.7,33.5,427.4,429.6,426.0,0.0,0.0,0.0,0.0,0.0,333424.63,0.0,,,,,,0,,,,,,
PNB950657,PNB950657_DPR_April-2026.xlsx,DPR Report,2026-04-19,2206136.75,0.0,2206335.0,0.0,781.31,0.0,0,0,,0.0,0.0,657891.88,0.0,760659.44,0.0,554580.19,0.0,233234.47,0.0,0.0,0.0,0.0,0.0,0,0,,4744:56:41,0 days 03:06:56,0,18.8,18.8,18.6,159.6,0.1,0.0,0.0,28.6,27.1,30.1,32.0,28.1,33.3,422.3,427.7,424.4,0.0,0.0,0.0,0.0,0.0,333640.63,0.0,,,,,,0,,,,,,
PNB950657,PNB950657_DPR_April-2026.xlsx,DPR Report,2026-04-20,2207795.0,0.0,2207998.0,0.0,781.76,0.0,0,0,,0.0,0.0,658370.69,0.0,761293.88,0.0,554959.5,0.0,233332.05,0.0,0.0,0.0,0.0,0.0,0,0,,4748:31:26,0 days 03:34:45,0,19.2,19.2,19.0,204.9,0.1,0.0,0.0,30.2,27.4,35.0,34.5,29.0,38.8,424.2,427.0,427.3,0.0,0.0,0.0,0.0,0.0,333888.41,0.0,,,,,,0,,,,,,
PNB950657,PNB950657_DPR_April-2026.xlsx,DPR Report,2026-04-21,2209384.75,0.0,2209595.0,0.0,782.3,0.0,0,0,,0.0,0.0,658778.69,0.0,761945.88,0.0,555417.13,0.0,233395.28,0.0,0.0,0.0,0.0,0.0,0,0,,4751:57:17,0 days 03:25:51,0,19.3,19.3,19.2,218.5,0.1,0.0,0.0,29.6,26.7,39.4,38.3,27.7,41.5,425.0,427.5,427.9,0.0,0.0,0.0,0.0,0.0,334125.28,0.0,,,,,,0,,,,,,
PNB950657,PNB950657_DPR_April-2026.xlsx,DPR Report,2026-04-22,2210786.75,0.0,2211001.75,0.0,782.77,0.0,0,0,,0.0,0.0,659169.56,0.0,762516.69,0.0,555835.06,0.0,233456.44,0.0,0.0,0.0,0.0,0.0,0,0,,4755:00:50,0 days 03:03:33,0,18.9,19.0,18.7,194.9,0.1,0.0,0.0,176.2,27.3,30.9,32.4,28.1,922.8,426.4,426.2,427.6,0.0,0.0,0.0,0.0,0.0,334336.53,0.0,,,,,,0,,,,,,
PNB950657,PNB950657_DPR_April-2026.xlsx,DPR Report,2026-04-23,2212236.25,0.0,2212456.5,0.0,783.24,0.0,0,0,,0.0,0.0,659504.88,0.0,763094.75,0.0,556250.06,0.0,233549.86,0.0,0.0,0.0,0.0,0.0,0,0,,4758:09:30,0 days 03:08:40,0,19.5,19.5,19.3,228.0,0.1,0.0,0.0,29.9,29.1,54.0,58.3,29.0,45.0,426.0,427.1,424.5,0.0,0.0,0.0,0.0,0.0,334554.88,0.0,,,,,,0,,,,,,
PNB950657,PNB950657_DPR_April-2026.xlsx,DPR Report,2026-04-24,2213517.75,0.0,2213744.25,0.0,783.61,0.0,0,0,,0.0,0.0,659817.25,0.0,763633.38,0.0,556658.5,0.0,233646.73,0.0,0.0,0.0,0.0,0.0,0,0,,4760:57:06,0 days 02:47:36,0,18.8,18.8,18.5,173.9,0.1,0.0,0.0,30.1,27.7,31.7,33.3,29.3,35.4,426.0,427.1,427.4,0.0,0.0,0.0,0.0,0.0,334746.5,0.0,,,,,,0,,,,,,
PNB950657,PNB950657_DPR_April-2026.xlsx,DPR Report,2026-04-25,2214955.75,0.0,2215189.0,0.0,784.11,0.0,0,0,,0.0,0.0,660263.44,0.0,764151.38,0.0,557065.69,0.0,233711.06,0.0,0.0,0.0,0.0,0.0,0,0,,4764:04:51,0 days 03:07:45,0,19.2,19.2,19.0,179.0,0.1,0.0,0.0,31.6,29.0,36.7,36.2,30.2,40.4,427.7,429.6,430.0,0.0,0.0,0.0,0.0,0.0,334963.09,0.0,,,,,,0,,,,,,
PNB950657,PNB950657_DPR_April-2026.xlsx,DPR Report,2026-04-26,2216388.0,0.0,2216625.75,0.0,784.62,0.0,0,0,,0.0,0.0,660637.19,0.0,764700.88,0.0,557487.81,0.0,233790.88,0.0,0.0,0.0,0.0,0.0,0,0,,4767:12:27,0 days 03:07:36,0,18.1,32.0,83.6,181.5,4.1,491.6,518.4,31.1,45.0,68.5,73.6,35.5,39.9,423.2,426.0,424.7,111.2,109.0,109.0,0.9,71.8,335178.88,0.0,,,,,,0,,,,,,
PNB950657,PNB950657_DPR_April-2026.xlsx,DPR Report,2026-04-27,2217787.25,0.0,2218034.75,0.0,785.11,0.0,0,0,,0.0,0.0,660974.56,0.0,765283.0,0.0,557883.56,0.0,233849.48,0.0,0.0,0.0,0.0,0.0,0,0,,4770:16:37,0 days 03:04:10,0,19.2,19.2,18.9,203.3,0.1,0.0,-12.6,32.4,30.1,36.1,35.5,30.8,39.4,424.6,427.4,427.0,0.0,0.0,0.0,0.0,0.0,335391.5,0.0,,,,,,0,,,,,,
PNB950657,PNB950657_DPR_April-2026.xlsx,DPR Report,2026-04-28,2219365.75,0.0,2219621.5,0.0,785.62,0.0,0,0,,,,661467.75,0.0,765769.38,0.0,558389.13,0.0,233923.84,0.0,,,,,0,0,,4773:42:51,0 days 03:26:14,0,19.5,19.5,19.2,224.7,0.1,0.0,0.0,32.8,30.2,43.3,42.6,30.5,44.2,426.9,431.6,428.2,0.0,0.0,0.0,0.0,0.0,335628.16,0.0,,,,,,0,,,,,,
PNB950657,PNB950657_DPR_April-2026.xlsx,DPR Report,2026-04-29,2220877.0,0.0,2221139.75,0.0,786.11,0.0,0,0,,,,661904.25,0.0,766461.25,0.0,558722.06,0.0,234006.42,0.0,,,,,0,0,,4777:01:41,0 days 03:18:50,0,19.5,19.5,19.2,205.7,0.1,0.0,0.0,34.8,32.0,44.0,42.8,32.4,45.7,427.6,426.3,427.7,0.0,0.0,0.0,0.0,0.0,335857.0,0.0,,,,,,0,,,,,,
PNB950657,PNB950657_DPR_April-2026.xlsx,DPR Report,2026-04-30,2222703.0,0.0,2222974.5,0.0,786.63,0.0,0,0,,,,662475.38,0.0,767081.94,0.0,559318.5,0.0,234114.98,0.0,,,,,0,0,,4781:00:29,0 days 03:58:48,0,19.2,19.1,18.9,165.3,0.1,0.0,0.0,33.5,31.2,37.4,37.1,31.6,40.4,424.2,430.0,426.2,0.0,0.0,0.0,0.0,0.0,336131.47,0.0,,,,,,0,,,,,,
PNB950657,PNB950657_DPR_May-2026.xlsx,DPR Report,2026-05-01,2224598.0,0.0,2224877.25,0.0,787.15,0.0,0,0,,0.0,0.0,662942.13,0.0,767648.5,0.0,559914.81,0.0,234295.41,0.0,0.0,0.0,0.0,0.0,0,0,,4785:08:39,0 days 04:08:10,0,19.7,19.7,19.4,236.1,0.1,0.0,0.0,30.6,43.7,70.7,86.1,30.9,47.9,424.4,428.0,427.7,0.0,0.0,0.0,0.0,0.0,336417.94,0.0,,,,,,0,,,,,,
PNB950657,PNB950657_DPR_May-2026.xlsx,DPR Report,2026-05-02,2225797.75,0.0,2226081.0,0.0,787.5,0.0,0,0,,0.0,0.0,663355.25,0.0,768152.44,0.0,560286.5,0.0,234376.8,0.0,0.0,0.0,0.0,0.0,0,0,,4787:48:33,0 days 02:39:54,0,18.7,18.7,18.5,134.4,0.1,0.0,0.0,31.5,30.3,33.3,35.0,30.6,35.4,426.4,429.0,429.6,0.0,0.0,0.0,0.0,0.0,336602.28,0.0,,,,,,0,,,,,,
PNB950657,PNB950657_DPR_May-2026.xlsx,DPR Report,2026-05-03,2227443.75,0.0,2227732.5,0.0,787.94,0.0,0,0,,0.0,0.0,663740.38,0.0,768711.88,0.0,560810.19,0.0,234477.33,0.0,0.0,0.0,0.0,0.0,0,0,,4791:22:24,0 days 03:33:51,0,19.2,19.2,18.8,160.5,0.1,0.0,0.0,32.6,30.4,34.8,35.9,31.3,37.4,429.1,428.7,429.0,0.0,0.0,0.0,0.0,0.0,336848.94,0.0,,,,,,0,,,,,,
PNB950657,PNB950657_DPR_May-2026.xlsx,DPR Report,2026-05-04,2229127.75,0.0,2229421.0,0.0,788.49,0.0,0,0,,0.0,0.0,664185.19,0.0,769357.56,0.0,561301.63,0.0,234539.61,0.0,0.0,0.0,0.0,0.0,0,0,,4794:51:56,0 days 03:29:32,0,19.4,19.4,19.1,178.2,0.1,0.0,0.0,33.9,31.8,38.8,38.6,32.2,41.6,428.0,428.7,429.8,0.0,0.0,0.0,0.0,0.0,337089.66,0.0,,,,,,0,,,,,,
PNB950657,PNB950657_DPR_May-2026.xlsx,DPR Report,2026-05-05,2230713.25,0.0,2231012.0,0.0,788.96,0.0,0,0,,0.0,0.0,664610.94,0.0,769958.06,0.0,561875.94,0.0,234611.48,0.0,0.0,0.0,0.0,0.0,0,0,,4798:08:41,0 days 03:16:45,0,19.1,19.1,18.8,137.5,0.1,0.0,0.0,33.6,30.8,36.1,37.3,32.4,39.0,422.9,425.3,425.5,0.0,0.0,0.0,0.0,0.0,337313.94,0.0,,,,,,0,,,,,,
PNB950657,PNB950657_DPR_May-2026.xlsx,DPR Report,2026-05-06,2231957.25,0.0,2232256.0,0.0,791.81,0.0,0,0,,0.0,0.0,665048.31,0.0,770285.81,0.0,562190.06,0.0,234624.55,0.0,0.0,0.0,0.0,0.0,0,0,,4800:41:37,0 days 02:32:56,0,19.7,19.7,19.4,226.6,0.1,0.0,0.0,32.8,31.5,55.7,58.7,31.8,49.4,426.1,426.5,427.3,0.0,0.0,0.0,0.0,0.0,337490.47,0.0,,,,,,0,,,,,,
PNB950657,PNB950657_DPR_May-2026.xlsx,DPR Report,2026-05-07,2233788.5,0.0,2234092.75,0.0,792.35,0.0,0,0,,0.0,0.0,665523.56,0.0,771011.88,0.0,562787.0,0.0,234701.73,0.0,0.0,0.0,0.0,0.0,0,0,,4804:28:36,0 days 03:46:59,0,18.2,32.4,84.6,217.1,3.9,518.1,516.1,27.2,67.4,111.5,111.3,32.8,58.4,424.5,427.7,426.2,112.3,111.3,111.1,0.9,73.0,337749.13,0.0,,,,,,0,,,,,,
PNB950657,PNB950657_DPR_May-2026.xlsx,DPR Report,2026-05-08,2235668.5,0.0,2235983.25,0.0,792.88,0.0,0,0,,0.0,0.0,666042.69,0.0,771716.63,0.0,563370.44,0.0,234791.06,0.0,0.0,0.0,0.0,0.0,0,0,,4808:19:59,0 days 03:51:23,0,18.2,32.3,84.3,209.7,4.2,514.5,514.9,27.3,66.5,109.7,107.5,33.2,52.0,424.6,429.3,429.1,115.8,103.2,103.3,0.9,72.8,338014.56,0.0,,,,,,0,,,,,,
PNB950657,PNB950657_DPR_May-2026.xlsx,DPR Report,2026-05-09,2236787.5,0.0,2237110.5,0.0,793.28,0.0,0,0,,0.0,0.0,666257.25,0.0,772165.63,0.0,563731.44,0.0,234870.55,0.0,0.0,0.0,0.0,0.0,0,0,,4810:40:37,0 days 02:20:38,0,19.1,19.1,18.9,196.6,0.1,0.0,0.0,31.7,29.7,34.1,35.4,31.0,37.8,427.9,431.6,428.3,0.0,0.0,0.0,0.0,0.0,338176.38,0.0,,,,,,0,,,,,,
PNB950657,PNB950657_DPR_May-2026.xlsx,DPR Report,2026-05-10,2238285.0,0.0,2238615.75,0.0,793.77,0.0,0,0,,0.0,0.0,666559.56,0.0,772826.38,0.0,564207.0,0.0,234967.64,0.0,0.0,0.0,0.0,0.0,0,0,,4813:46:40,0 days 03:06:03,0,19.1,19.1,18.8,179.9,0.1,0.0,0.0,32.2,30.3,34.8,35.9,31.6,38.5,428.7,430.8,428.8,0.0,0.0,0.0,0.0,0.0,338389.88,0.0,,,,,,0,,,,,,
PNB950657,PNB950657_DPR_May-2026.xlsx,DPR Report,2026-05-11,2239783.25,0.0,2240122.25,0.0,794.2,0.0,0,0,,0.0,0.0,666928.5,0.0,773329.56,0.0,564743.69,0.0,235069.78,0.0,0.0,0.0,0.0,0.0,0,0,,4816:54:13,0 days 03:07:33,0,18.9,18.9,18.7,177.7,0.1,0.0,0.0,31.3,29.4,33.8,34.9,30.7,37.8,426.0,431.3,428.8,0.0,0.0,0.0,0.0,0.0,338604.06,0.0,,,,,,0,,,,,,
PNB950657,PNB950657_DPR_May-2026.xlsx,DPR Report,2026-05-12,2241538.25,0.0,2241885.25,0.0,794.85,0.0,0,0,,0.0,0.0,667348.63,0.0,774003.44,0.0,565248.63,0.0,235211.45,0.0,0.0,0.0,0.0,0.0,0,0,,4820:37:45,0 days 03:43:32,0,19.1,19.1,18.7,203.4,0.1,0.0,0.0,32.0,30.1,35.4,35.6,31.0,39.2,428.8,430.9,430.7,0.0,0.0,0.0,0.0,0.0,338859.28,0.0,,,,,,0,,,,,,
PNB950657,PNB950657_DPR_May-2026.xlsx,DPR Report,2026-05-13,2243182.5,0.0,2243535.0,0.0,795.32,0.0,0,0,,0.0,0.0,667822.88,0.0,774663.81,0.0,565663.75,0.0,235285.03,0.0,0.0,0.0,0.0,0.0,0,0,,4824:04:21,0 days 03:26:36,0,19.2,19.2,18.9,217.1,0.1,0.0,0.0,32.8,30.3,38.3,36.7,31.0,41.4,429.7,428.3,428.9,0.0,0.0,0.0,0.0,0.0,339098.13,0.0,,,,,,0,,,,,,
PNB950657,PNB950657_DPR_May-2026.xlsx,DPR Report,2026-05-14,2244932.25,0.0,2245293.25,0.0,795.84,0.0,0,0,,0.0,0.0,668221.63,0.0,775397.63,0.0,566207.25,0.0,235389.92,0.0,0.0,0.0,0.0,0.0,0,0,,4827:44:35,0 days 03:40:14,0,19.2,19.2,18.9,189.4,0.1,0.0,0.0,30.5,28.7,34.2,34.5,29.4,37.9,426.9,427.8,429.7,0.0,0.0,0.0,0.0,0.0,339351.97,0.0,,,,,,0,,,,,,
PNB950657,PNB950657_DPR_May-2026.xlsx,DPR Report,2026-05-15,2246864.5,0.0,2247235.5,0.0,796.34,0.0,0,0,,0.0,0.0,668778.56,0.0,776190.0,0.0,566719.44,0.0,235470.38,0.0,0.0,0.0,0.0,0.0,0,0,,4831:48:14,0 days 04:03:39,0,19.1,19.1,18.8,195.3,0.1,0.0,0.0,30.8,29.1,33.6,34.2,29.8,37.8,428.6,430.0,429.3,0.0,0.0,0.0,0.0,0.0,339632.22,0.0,,,,,,0,,,,,,
PNB950657,PNB950657_DPR_May-2026.xlsx,DPR Report,2026-05-16,2248034.0,0.0,2248410.75,0.0,796.69,0.0,0,0,,0.0,0.0,669091.44,0.0,776624.38,0.0,567056.31,0.0,235532.92,0.0,0.0,0.0,0.0,0.0,0,0,,4834:16:14,0 days 02:28:00,0,19.3,19.3,19.0,218.0,0.1,0.0,0.0,32.0,29.8,37.4,37.0,30.7,40.8,427.3,429.3,430.0,0.0,0.0,0.0,0.0,0.0,339803.44,0.0,,,,,,0,,,,,,
PNB950657,PNB950657_DPR_May-2026.xlsx,DPR Report,2026-05-17,2249693.0,0.0,2250079.25,0.0,797.21,0.0,0,0,,0.0,0.0,669474.56,0.0,777302.63,0.0,567636.06,0.0,235659.34,0.0,0.0,0.0,0.0,0.0,0,0,,4837:53:25,0 days 03:37:11,0,18.8,18.9,18.6,172.0,0.1,0.0,0.0,31.1,29.4,33.0,34.8,30.5,36.5,427.9,433.6,428.5,0.0,0.0,0.0,0.0,0.0,340054.63,0.0,,,,,,0,,,,,,
PNB950657,PNB950657_DPR_May-2026.xlsx,DPR Report,2026-05-18,2251685.5,0.0,2252083.0,0.0,797.59,0.0,0,0,,0.0,0.0,670007.38,0.0,778063.5,0.0,568218.44,0.0,235766.83,0.0,0.0,0.0,0.0,0.0,0,0,,4842:13:17,0 days 04:19:52,0,18.6,18.6,18.4,175.9,0.1,0.0,0.0,29.9,28.3,31.7,33.6,29.5,35.2,429.7,430.9,430.0,0.0,0.0,0.0,0.0,0.0,340353.72,0.0,,,,,,0,,,,,,
PNB950657,PNB950657_DPR_May-2026.xlsx,DPR Report,2026-05-19,2253073.75,0.0,2253483.25,0.0,797.99,0.0,0,0,,0.0,0.0,670350.63,0.0,778583.31,0.0,568647.25,0.0,235826.55,0.0,0.0,0.0,0.0,0.0,0,0,,4845:14:01,0 days 03:00:44,0,19.2,19.1,18.9,203.6,0.1,0.0,0.0,33.0,29.9,38.0,36.9,31.0,41.3,431.4,432.2,430.3,0.0,0.0,0.0,0.0,0.0,340562.25,0.0,,,,,,0,,,,,,
PNB950657,PNB950657_DPR_May-2026.xlsx,DPR Report,2026-05-20,2254856.25,0.0,2255282.5,0.0,798.61,0.0,0,0,,0.0,0.0,670900.56,0.0,779226.75,0.0,569134.19,0.0,235934.58,0.0,0.0,0.0,0.0,0.0,0,0,,4849:09:06,0 days 03:55:05,0,19.1,19.1,18.8,207.3,0.1,0.0,0.0,33.7,30.8,38.8,38.4,31.9,42.4,426.8,429.9,429.4,0.0,0.0,0.0,0.0,0.0,340835.59,0.0,,,,,,0,,,,,,
PNB950657,PNB950657_DPR_May-2026.xlsx,DPR Report,2026-05-21,2256551.75,0.0,2256993.5,0.0,799.37,0.0,0,0,,0.0,0.0,671237.25,0.0,780070.94,0.0,569564.69,0.0,236019.09,0.0,0.0,0.0,0.0,0.0,0,0,,4852:54:48,0 days 03:45:42,0,19.1,19.1,18.7,212.3,0.1,0.0,0.0,33.7,31.0,37.9,37.5,32.0,41.3,429.2,431.1,431.8,0.0,0.0,0.0,0.0,0.0,341095.97,0.0,,,,,,0,,,,,,
PNB950657,PNB950657_DPR_May-2026.xlsx,DPR Report,2026-05-22,2258394.0,0.0,2258854.25,0.0,800.01,0.0,0,0,,0.0,0.0,671832.56,0.0,780749.13,0.0,570005.19,0.0,236130.34,0.0,0.0,0.0,0.0,0.0,0,0,,4856:58:17,0 days 04:03:29,0,19.7,19.7,19.4,233.8,0.1,0.0,0.0,0.1,0.1,8.3,85.2,26.4,49.8,425.7,427.6,427.6,0.0,0.0,0.0,0.0,0.0,341376.59,0.0,,,,,,0,,,,,,
PNB950657,PNB950657_DPR_May-2026.xlsx,DPR Report,2026-05-23,2260273.25,0.0,2260752.75,0.0,800.56,0.0,0,0,,0.0,0.0,672326.88,0.0,781443.75,0.0,570713.75,0.0,236222.7,0.0,0.0,0.0,0.0,0.0,0,0,,4861:06:21,0 days 04:08:04,0,19.0,19.0,18.7,183.4,0.1,0.0,0.0,32.7,31.0,35.2,36.1,31.5,38.0,429.8,431.4,431.2,0.0,0.0,0.0,0.0,0.0,341661.72,0.0,,,,,,0,,,,,,
PNB950657,PNB950657_DPR_May-2026.xlsx,DPR Report,2026-05-24,2261814.5,0.0,2262309.5,0.0,800.94,0.0,0,0,,0.0,0.0,672755.44,0.0,781925.69,0.0,571178.25,0.0,236367.45,0.0,0.0,0.0,0.0,0.0,0,0,,4864:27:41,0 days 03:21:20,0,19.1,19.1,18.8,201.2,0.1,0.0,0.0,32.5,30.0,37.9,36.9,30.9,40.8,426.2,431.9,428.8,0.0,0.0,0.0,0.0,0.0,341892.84,0.0,,,,,,0,,,,,,
PNB950657,PNB950657_DPR_May-2026.xlsx,DPR Report,2026-05-25,2263528.5,0.0,2264039.5,0.0,801.52,0.0,0,0,,0.0,0.0,673191.63,0.0,782598.63,0.0,571734.19,0.0,236456.48,0.0,0.0,0.0,0.0,0.0,0,0,,4868:12:16,0 days 03:44:35,0,19.1,19.1,18.8,112.7,0.1,0.0,0.0,32.6,30.6,36.1,36.4,31.1,38.9,427.4,426.0,427.5,0.0,0.0,0.0,0.0,0.0,342150.59,0.0,,,,,,0,,,,,,
PNB950657,PNB950657_DPR_May-2026.xlsx,DPR Report,2026-05-26,2265375.5,0.0,2265904.0,0.0,802.02,0.0,0,0,,0.0,0.0,673653.31,0.0,783300.63,0.0,572207.06,0.0,236584.61,0.0,0.0,0.0,0.0,0.0,0,0,,4872:15:00,0 days 04:02:44,0,19.2,19.2,18.9,204.6,0.1,0.0,0.0,33.8,30.9,39.0,38.5,31.9,41.8,429.3,430.7,431.2,0.0,0.0,0.0,0.0,0.0,342430.22,0.0,,,,,,0,,,,,,
PNB950657,PNB950657_DPR_May-2026.xlsx,DPR Report,2026-05-27,2266863.75,0.0,2267406.0,0.0,802.43,0.0,0,0,,0.0,0.0,674062.13,0.0,783777.19,0.0,572691.75,0.0,236696.67,0.0,0.0,0.0,0.0,0.0,0,0,,4875:28:49,0 days 03:13:49,0,19.0,19.0,18.7,200.1,0.1,0.0,0.0,33.1,30.5,36.7,36.8,31.6,40.0,426.2,429.6,428.5,0.0,0.0,0.0,0.0,0.0,342654.5,0.0,,,,,,0,,,,,,
PNB950657,PNB950657_DPR_May-2026.xlsx,DPR Report,2026-05-28,2267875.5,0.0,2268427.5,0.0,802.75,0.0,0,0,,,,674349.31,0.0,784107.38,0.0,573007.31,0.0,236736.38,0.0,,,,,0,0,,4877:40:05,0 days 02:11:16,0,19.1,19.1,18.8,213.4,0.1,0.0,0.0,33.5,30.9,38.5,37.4,31.3,41.6,429.4,431.4,430.4,0.0,0.0,0.0,0.0,0.0,342807.66,0.0,,,,,,0,,,,,,
PNB950657,PNB950657_DPR_May-2026.xlsx,DPR Report,2026-05-29,2269744.25,0.0,2270313.5,0.0,803.4,0.0,0,0,,,,674773.75,0.0,784911.0,0.0,573526.0,0.0,236810.02,0.0,,,,,0,0,,4881:46:41,0 days 04:06:36,0,19.8,19.7,19.4,235.6,0.1,0.0,0.0,33.1,45.6,69.4,84.8,32.3,51.1,429.3,428.9,429.3,0.0,0.0,0.0,0.0,0.0,343090.84,0.0,,,,,,0,,,,,,
PNB950657,PNB950657_DPR_May-2026.xlsx,DPR Report,2026-05-30,2271140.0,0.0,2271722.0,0.0,803.84,0.0,0,0,,,,675125.94,0.0,785437.88,0.0,574043.0,0.0,236939.75,0.0,,,,,0,0,,4884:50:44,0 days 03:04:03,0,19.0,19.0,18.7,180.0,0.1,0.0,0.0,34.8,32.8,38.3,38.9,33.2,41.0,429.1,430.6,431.4,0.0,0.0,0.0,0.0,0.0,343302.97,0.0,,,,,,0,,,,,,
PNB950657,PNB950657_DPR_May-2026.xlsx,DPR Report,2026-05-31,2273118.5,0.0,2273717.75,0.0,804.37,0.0,0,0,,,0.0,675601.38,0.0,786155.69,0.0,574606.13,0.0,237098.16,0.0,,,,,0,0,,4889:11:56,0 days 04:21:12,0,19.2,19.2,18.9,196.5,0.1,0.0,0.0,34.5,31.7,40.9,39.6,32.4,43.4,428.0,428.8,426.4,0.0,0.0,0.0,0.0,0.0,343603.5,0.0,,0.0,0.0,0.0,0.0,0,0.0,0.0,0.0,0.0,0.0,
PNB950657,PNB950657_DPR_June-2026 (1).xlsx,DPR Report,2026-06-01,2275386.75,0.0,2275143.25,0.0,804.86,0.0,0,0,,0.0,0.0,676037.63,0.0,200.282,0.0,575047.19,0.0,237192.75,0.0,0.0,0.0,0.0,0.0,0,0,,4894:11:19,0 days 04:59:23,0,195.0,26.3,193.0,180.3,190.0,0.0,0.0,30.1,2286.0,37.6,2116.0,28.1,1684.0,0.0,403.0,0.0,0.0,589.0,0.0,410.0,0.0,343947.406,0.0,,,,,,0,,,,,,
PNB950657,PNB950657_DPR_June-2026 (1).xlsx,DPR Report,2026-06-02,2275924.0,0.0,2276549.25,0.0,805.29,0.0,0,0,,0.0,0.0,676361.25,0.0,787220.38,0.0,575459.81,0.0,237323.84,0.0,0.0,0.0,0.0,0.0,0,0,,4895:22:13,0 days 01:10:54,0,18.8,18.8,18.5,171.8,0.1,0.0,0.0,32.0,30.6,34.4,35.7,30.9,37.5,424.1,427.9,427.4,0.0,0.0,0.0,0.0,0.0,344028.41,0.0,,,,,,0,,,,,,
PNB950657,PNB950657_DPR_June-2026 (1).xlsx,DPR Report,2026-06-03,2277424.0,0.0,2278064.75,0.0,805.75,0.0,0,0,,0.0,0.0,676888.0,0.0,787692.75,0.0,575760.31,0.0,237407.11,0.0,0.0,0.0,0.0,0.0,0,0,,4898:38:11,0 days 03:15:58,0,19.6,19.6,19.3,228.6,0.1,0.0,0.0,31.2,38.9,70.4,78.6,31.2,53.7,425.9,427.7,427.7,0.0,0.0,0.0,0.0,0.0,344255.0,0.0,,,,,,0,,,,,,
PNB950657,PNB950657_DPR_June-2026 (1).xlsx,DPR Report,2026-06-04,2278888.0,0.0,2279546.5,0.0,806.18,0.0,0,0,,0.0,0.0,677233.88,0.0,788250.25,0.0,576262.19,0.0,237506.48,0.0,0.0,0.0,0.0,0.0,0,0,,4901:51:54,0 days 03:13:43,0,19.0,19.0,18.7,214.6,0.1,0.0,0.0,34.3,31.9,38.8,38.9,32.5,41.5,426.7,429.2,430.0,0.0,0.0,0.0,0.0,0.0,344477.19,0.0,,,,,,0,,,,,,
PNB950657,PNB950657_DPR_June-2026 (1).xlsx,DPR Report,2026-06-05,2280639.5,0.0,2281319.5,0.0,806.72,0.0,0,0,,0.0,0.0,677628.06,0.0,788982.25,0.0,576814.94,0.0,237574.19,0.0,0.0,0.0,0.0,0.0,0,0,,4905:45:24,0 days 03:53:30,0,19.5,19.4,19.1,231.5,0.1,0.0,0.0,34.4,34.2,58.3,62.4,32.9,49.5,427.8,427.5,429.4,0.0,0.0,0.0,0.0,0.0,344746.63,0.0,,,,,,0,,,,,,
PNB950657,PNB950657_DPR_June-2026 (1).xlsx,DPR Report,2026-06-06,2281953.75,0.0,2282648.0,0.0,807.1,0.0,0,0,,0.0,0.0,677939.94,0.0,789443.63,0.0,577250.25,0.0,237747.38,0.0,0.0,0.0,0.0,0.0,0,0,,4908:39:15,0 days 02:53:51,0,19.5,19.5,19.2,227.9,0.1,0.0,0.0,33.7,36.3,65.1,71.5,32.9,51.3,429.8,433.7,430.3,0.0,0.0,0.0,0.0,0.0,344947.5,0.0,,,,,,0,,,,,,
PNB950657,PNB950657_DPR_June-2026 (1).xlsx,DPR Report,2026-06-07,2283437.25,0.0,2284148.25,0.0,807.62,0.0,0,0,,0.0,0.0,678333.19,0.0,790031.81,0.0,577725.69,0.0,237838.98,0.0,0.0,0.0,0.0,0.0,0,0,,4911:57:23,0 days 03:18:08,0,18.6,18.6,18.3,174.4,0.1,0.0,0.0,32.8,31.3,34.4,36.3,31.6,37.0,427.6,431.9,428.6,0.0,0.0,0.0,0.0,0.0,345175.5,0.0,,,,,,0,,,,,,
PNB950657,PNB950657_DPR_June-2026 (1).xlsx,DPR Report,2026-06-08,2285047.5,0.0,2285776.25,0.0,808.16,0.0,0,0,,0.0,0.0,678728.75,0.0,790594.06,0.0,578237.63,0.0,237981.91,0.0,0.0,0.0,0.0,0.0,0,0,,4915:30:24,0 days 03:33:01,0,19.1,19.0,18.7,199.5,0.1,0.0,0.0,34.9,32.7,39.5,39.7,32.9,42.0,431.8,429.4,431.7,0.0,0.0,0.0,0.0,0.0,345420.47,0.0,,,,,,0,,,,,,
PNB950657,PNB950657_DPR_June-2026 (1).xlsx,DPR Report,2026-06-09,2286611.0,0.0,2287357.25,0.0,808.63,0.0,0,0,,0.0,0.0,679139.31,0.0,791076.94,0.0,578769.88,0.0,238060.17,0.0,0.0,0.0,0.0,0.0,0,0,,4918:57:05,0 days 03:26:41,0,18.9,18.9,18.6,206.1,0.1,0.0,0.0,34.5,32.5,37.9,38.5,32.8,40.6,424.7,426.4,427.2,0.0,0.0,0.0,0.0,0.0,345656.34,0.0,,,,,,0,,,,,,
PNB950657,PNB950657_DPR_June-2026 (1).xlsx,DPR Report,2026-06-10,2287972.75,0.0,2288731.5,0.0,809.12,0.0,0,0,,0.0,0.0,679503.81,0.0,791624.63,0.0,579170.5,0.0,238140.69,0.0,0.0,0.0,0.0,0.0,0,0,,4921:57:15,0 days 03:00:10,0,18.1,31.9,83.6,179.2,4.3,477.1,484.9,29.8,70.1,116.0,103.2,34.2,52.6,425.7,425.3,425.3,106.9,106.7,106.6,0.9,68.9,345863.88,0.0,,,,,,0,,,,,,
PNB950657,PNB950657_DPR_June-2026 (1).xlsx,DPR Report,2026-06-11,2289670.25,0.0,2290449.25,0.0,809.66,0.0,0,0,,0.0,0.0,680042.25,0.0,792184.69,0.0,579638.25,0.0,238243.45,0.0,0.0,0.0,0.0,0.0,0,0,,4925:42:18,0 days 03:45:03,0,19.5,19.5,19.2,233.7,0.1,0.0,0.0,32.3,42.9,77.5,88.2,32.7,53.2,425.3,429.9,426.1,0.0,0.0,0.0,0.0,0.0,346122.41,0.0,,,,,,0,,,,,,
PNB950657,PNB950657_DPR_June-2026 (1).xlsx,DPR Report,2026-06-12,2291363.75,0.0,2292159.5,0.0,810.2,0.0,0,0,,0.0,0.0,680545.94,0.0,792857.75,0.0,580069.88,0.0,238344.58,0.0,0.0,0.0,0.0,0.0,0,0,,4929:25:55,0 days 03:43:37,0,18.1,27.9,58.2,213.8,3.7,381.0,0.0,34.1,36.9,59.1,60.8,34.2,52.2,424.5,425.6,425.1,73.3,71.3,71.4,0.8,41.4,346379.44,0.0,,,,,,0,,,,,,
PNB950657,PNB950657_DPR_June-2026 (1).xlsx,DPR Report,2026-06-13,2292835.25,0.0,2293646.25,0.0,810.77,0.0,0,0,,0.0,0.0,680891.5,0.0,793371.38,0.0,580597.69,0.0,238436.31,0.0,0.0,0.0,0.0,0.0,0,0,,4932:40:16,0 days 03:14:21,0,19.3,19.3,19.0,228.5,0.1,0.0,0.0,34.2,32.2,54.4,55.5,31.9,49.3,426.9,427.4,427.2,0.0,0.0,0.0,0.0,0.0,346603.53,0.0,,,,,,0,,,,,,
PNB950657,PNB950657_DPR_June-2026 (1).xlsx,DPR Report,2026-06-14,2293981.0,0.0,2294803.5,0.0,811.24,0.0,0,0,,0.0,0.0,681136.56,0.0,793748.94,0.0,581041.0,0.0,238559.97,0.0,0.0,0.0,0.0,0.0,0,0,,4935:12:19,0 days 02:32:03,0,18.8,18.8,18.5,203.0,0.1,0.0,0.0,33.3,31.5,36.1,37.2,31.7,38.4,430.2,429.0,428.7,0.0,0.0,0.0,0.0,0.0,346777.41,0.0,,,,,,0,,,,,,
PNB950657,PNB950657_DPR_June-2026 (1).xlsx,DPR Report,2026-06-15,2295778.5,0.0,2296615.25,0.0,811.86,0.0,0,0,,0.0,0.0,681487.88,0.0,794504.69,0.0,581611.38,0.0,238685.81,0.0,0.0,0.0,0.0,0.0,0,0,,4939:08:41,0 days 03:56:22,0,18.0,32.2,86.5,231.3,3.9,476.6,476.1,29.4,71.2,119.2,119.6,34.4,57.4,426.5,424.0,427.6,115.1,114.7,114.6,0.9,74.7,347048.72,0.0,,,,,,0,,,,,,
PNB950657,PNB950657_DPR_June-2026 (1).xlsx,DPR Report,2026-06-16,2296980.0,0.0,2297829.5,0.0,812.18,0.0,0,0,,0.0,0.0,681768.38,0.0,795113.75,0.0,581920.44,0.0,238738.16,0.0,0.0,0.0,0.0,0.0,0,0,,4941:47:01,0 days 02:38:20,0,18.0,30.5,72.7,190.1,4.1,507.7,0.0,32.4,34.8,46.1,44.2,34.3,37.8,422.4,423.2,423.3,100.2,97.0,97.4,0.9,61.0,347229.78,0.0,,,,,,0,,,,,,
PNB950657,PNB950657_DPR_June-2026 (1).xlsx,DPR Report,2026-06-17,2298522.75,0.0,2299388.0,0.0,812.64,0.0,0,0,,0.0,0.0,681924.69,0.0,795753.88,0.0,582434.0,0.0,239006.64,0.0,0.0,0.0,0.0,0.0,0,0,,4945:10:40,0 days 03:23:39,0,18.8,18.8,18.4,175.4,0.1,0.0,0.0,33.1,31.9,35.4,37.2,32.0,37.6,0.0,0.0,0.0,0.0,0.0,0.0,0.0,0.0,347464.09,0.0,,,,,,0,,,,,,
PNB950657,PNB950657_DPR_June-2026 (1).xlsx,DPR Report,2026-06-18,2299992.0,0.0,2300870.5,0.0,813.09,0.0,0,0,,0.0,0.0,682227.38,0.0,796317.0,0.0,582885.75,0.0,239191.91,0.0,0.0,0.0,0.0,0.0,0,0,,4948:24:20,0 days 03:13:40,0,18.9,18.9,18.6,177.5,0.1,0.0,0.0,33.6,31.3,37.6,38.3,31.8,40.0,428.6,428.6,429.9,0.0,0.0,0.0,0.0,0.0,347685.97,0.0,,,,,,0,,,,,,
PNB950657,PNB950657_DPR_June-2026 (1).xlsx,DPR Report,2026-06-19,2301347.5,0.0,2302235.0,0.0,813.62,0.0,0,0,,0.0,0.0,682500.81,0.0,796919.19,0.0,583277.0,0.0,239302.77,0.0,0.0,0.0,0.0,0.0,0,0,,4951:22:59,0 days 02:58:39,0,18.1,32.0,85.2,218.9,3.9,485.6,482.5,29.7,64.4,106.3,104.2,31.8,39.7,427.0,426.4,427.4,113.5,113.7,113.6,0.9,74.6,347890.16,0.0,,,,,,0,,,,,,
PNB950657,PNB950657_DPR_June-2026 (1).xlsx,DPR Report,2026-06-20,2301967.5,0.0,2302862.5,0.0,813.86,0.0,0,0,,0.0,0.0,682589.38,0.0,797194.06,0.0,583519.63,0.0,239328.89,0.0,0.0,0.0,0.0,0.0,0,0,,4952:45:53,0 days 01:22:54,0,18.2,18.2,17.9,165.4,0.1,0.0,0.0,32.5,31.1,34.8,36.3,31.1,37.1,428.1,431.4,428.3,0.0,0.0,0.0,0.0,0.0,347986.03,0.0,,,,,,0,,,,,,
PNB950657,PNB950657_DPR_June-2026 (1).xlsx,DPR Report,2026-06-21,2303349.25,0.0,2304255.25,0.0,814.32,0.0,0,0,,0.0,0.0,682872.5,0.0,797744.69,0.0,583913.88,0.0,239407.2,0.0,0.0,0.0,0.0,0.0,0,0,,4955:49:08,0 days 03:03:15,0,18.0,18.0,17.7,198.5,0.1,0.0,0.0,32.7,31.2,35.1,36.3,31.2,37.7,427.7,426.5,426.9,0.0,0.0,0.0,0.0,0.0,348197.0,0.0,,,,,,0,,,,,,
PNB950657,PNB950657_DPR_June-2026 (1).xlsx,DPR Report,2026-06-22,2304936.5,0.0,2305854.75,0.0,814.85,0.0,0,0,,0.0,0.0,683273.25,0.0,798269.44,0.0,584501.25,0.0,239543.38,0.0,0.0,0.0,0.0,0.0,0,0,,4959:13:11,0 days 03:24:03,0,18.1,18.1,17.8,169.0,0.1,0.0,0.0,32.1,30.8,33.8,35.9,31.0,36.2,431.4,431.1,431.4,0.0,0.0,0.0,0.0,0.0,348428.91,0.0,,,,,,0,,,,,,
PNB950657,PNB950657_DPR_June-2026 (1).xlsx,DPR Report,2026-06-23,2306292.25,0.0,2307231.0,0.0,815.29,0.0,0,0,,0.0,0.0,683584.94,0.0,798734.44,0.0,584971.75,0.0,239658.95,0.0,0.0,0.0,0.0,0.0,0,0,,4962:09:45,0 days 02:56:34,0,18.4,18.4,18.2,175.0,0.1,0.0,0.0,31.5,30.2,33.7,35.4,30.6,36.6,429.5,429.4,429.7,0.0,0.0,0.0,0.0,0.0,348630.84,0.0,,,,,,0,,,,,,
PNB950657,PNB950657_DPR_June-2026 (1).xlsx,DPR Report,2026-06-24,2308092.5,0.0,2309082.0,0.0,815.83,0.0,0,0,,0.0,0.0,683918.88,0.0,799597.0,0.0,585343.38,0.0,239834.72,0.0,0.0,0.0,0.0,0.0,0,0,,4966:07:00,0 days 03:57:15,0,19.2,19.2,19.0,223.7,0.1,0.0,0.0,34.0,33.1,56.5,59.2,31.6,49.9,425.1,426.9,427.5,0.0,0.0,0.0,0.0,0.0,348903.19,0.0,,,,,,0,,,,,,
PNB950657,PNB950657_DPR_June-2026 (1).xlsx,DPR Report,2026-06-25,2309459.0,0.0,2310483.5,0.0,816.3,0.0,0,0,,0.0,0.0,684261.38,0.0,800104.5,0.0,585687.81,0.0,239999.56,0.0,0.0,0.0,0.0,0.0,0,0,,4969:05:31,0 days 02:58:31,0,18.1,18.1,17.8,222.3,0.1,0.0,0.0,32.3,30.6,35.5,36.4,30.7,38.6,427.7,429.4,429.4,0.0,0.0,0.0,0.0,0.0,349107.44,0.0,,,,,,0,,,,,,
PNB950657,PNB950657_DPR_June-2026 (1).xlsx,DPR Report,2026-06-26,2310539.0,0.0,2311590.5,0.0,816.68,0.0,0,0,,0.0,0.0,684547.0,0.0,800490.38,0.0,586037.88,0.0,240069.3,0.0,0.0,0.0,0.0,0.0,0,0,,4971:27:30,0 days 02:21:59,0,19.1,19.0,18.8,216.7,0.1,0.0,0.0,32.4,30.8,35.4,36.4,31.4,38.5,426.1,428.1,426.7,0.0,0.0,0.0,0.0,0.0,349270.72,0.0,,,,,,0,,,,,,
PNB950657,PNB950657_DPR_June-2026 (1).xlsx,DPR Report,2026-06-27,2311307.75,0.0,2312361.25,0.0,817.01,0.0,0,0,,0.0,0.0,684753.38,0.0,800792.31,0.0,586296.0,0.0,240071.61,0.0,0.0,0.0,0.0,0.0,0,0,,4973:09:02,0 days 01:41:32,0,19.2,19.2,18.9,216.2,0.1,0.0,0.0,33.1,30.8,42.2,41.0,31.5,44.2,426.7,429.5,428.7,0.0,0.0,0.0,0.0,0.0,349388.06,0.0,,,,,,0,,,,,,
PNB950657,PNB950657_DPR_June-2026 (1).xlsx,DPR Report,2026-06-28,2312849.0,0.0,2313896.75,0.0,817.46,0.0,0,0,,,,685226.75,0.0,801242.81,0.0,586800.75,0.0,240151.72,0.0,,,,,0,0,,4976:29:57,0 days 03:20:55,0,19.4,19.4,19.1,231.0,0.1,0.0,0.0,33.3,32.8,58.9,63.6,32.7,48.7,425.9,427.2,427.9,0.0,0.0,0.0,0.0,0.0,349618.16,0.0,,,,,,0,,,,,,
PNB950657,PNB950657_DPR_June-2026 (1).xlsx,DPR Report,2026-06-29,2314180.5,0.0,2315230.5,0.0,817.77,0.0,0,0,,,,685558.94,0.0,801623.31,0.0,587262.19,0.0,240339.41,0.0,,,,,0,0,,4979:20:40,0 days 02:50:43,0,19.1,19.1,18.8,202.5,0.1,0.0,0.0,33.3,31.5,36.5,37.2,31.8,38.9,427.2,429.8,429.1,0.0,0.0,0.0,0.0,0.0,349814.03,0.0,,,,,,0,,,,,,
PNB950657,PNB950657_DPR_June-2026 (1).xlsx,DPR Report,2026-06-30,2314941.0,0.0,2315991.75,0.0,818.03,0.0,0,0,,,,685798.19,0.0,801940.81,0.0,587448.06,0.0,240390.13,0.0,,,,,0,0,,4980:59:14,0 days 01:38:34,0,19.0,19.0,18.8,192.8,0.1,0.0,0.0,33.1,31.7,35.8,37.0,31.9,38.4,427.0,428.0,429.8,0.0,0.0,0.0,0.0,0.0,349927.75,0.0,,,,,,0,,,,,,
